observation_date,WANAN,WVNAN,WINAN,WYNAN
1939-01-01,393.2,368.7,628.4,47.9
1939-02-01,391.4,367.3,633.6,48.0
1939-03-01,399.8,371.5,641.9,48.4
1939-04-01,415.3,281.0,647.6,50.0
1939-05-01,428.6,328.1,659.5,52.9
1939-06-01,438.0,378.7,670.5,56.3
1939-07-01,437.6,378.5,678.0,58.5
1939-08-01,449.5,382.4,678.7,59.4
1939-09-01,467.5,391.6,691.0,61.2
1939-10-01,459.6,409.1,693.7,59.6
1939-11-01,445.2,411.7,687.6,56.1
1939-12-01,444.7,411.8,691.2,53.6
1940-01-01,426.4,393.0,667.3,49.5
1940-02-01,426.8,389.0,665.7,49.2
1940-03-01,434.6,390.9,670.1,50.0
1940-04-01,443.4,385.6,671.1,51.7
1940-05-01,456.3,391.8,678.1,54.2
1940-06-01,468.2,395.7,687.0,57.3
1940-07-01,476.4,395.5,706.4,59.5
1940-08-01,489.0,401.2,700.3,60.3
1940-09-01,505.0,407.3,718.4,60.7
1940-10-01,491.2,413.3,720.6,59.9
1940-11-01,483.2,413.0,719.8,57.0
1940-12-01,485.0,417.7,730.7,57.6
1941-01-01,478.7,408.7,710.2,56.9
1941-02-01,489.2,413.1,712.1,56.7
1941-03-01,500.0,422.3,725.0,55.8
1941-04-01,514.5,335.2,749.4,55.5
1941-05-01,520.2,436.2,764.8,57.2
1941-06-01,535.6,446.1,784.4,61.2
1941-07-01,557.1,454.8,808.2,64.1
1941-08-01,567.2,461.9,807.1,65.8
1941-09-01,587.1,469.0,822.3,66.4
1941-10-01,582.3,473.3,812.9,65.0
1941-11-01,569.9,468.2,807.7,61.9
1941-12-01,580.2,474.1,809.3,60.1
1942-01-01,569.1,463.6,788.4,57.3
1942-02-01,578.4,461.2,791.1,56.0
1942-03-01,590.5,463.8,799.1,56.7
1942-04-01,614.5,471.4,815.1,58.2
1942-05-01,635.8,477.3,833.8,60.5
1942-06-01,661.9,479.8,849.8,65.5
1942-07-01,681.5,478.7,876.1,69.8
1942-08-01,702.4,478.7,870.8,69.7
1942-09-01,724.9,479.0,881.5,67.4
1942-10-01,720.8,478.6,877.9,66.2
1942-11-01,718.0,476.0,875.8,64.4
1942-12-01,723.1,475.8,883.3,63.5
1943-01-01,697.3,469.6,865.6,61.9
1943-02-01,692.7,468.0,868.0,61.6
1943-03-01,708.5,469.5,876.8,61.9
1943-04-01,717.4,472.9,885.0,62.9
1943-05-01,725.5,472.5,886.6,63.5
1943-06-01,743.9,471.3,901.1,64.9
1943-07-01,756.5,466.6,902.1,65.3
1943-08-01,754.6,464.0,898.1,65.7
1943-09-01,755.4,465.9,898.0,66.5
1943-10-01,753.4,463.1,892.6,67.3
1943-11-01,756.4,459.1,885.8,67.5
1943-12-01,764.1,457.9,882.1,68.2
1944-01-01,754.3,453.6,877.0,66.3
1944-02-01,751.7,453.6,883.0,65.2
1944-03-01,755.7,454.0,885.9,63.7
1944-04-01,762.7,455.2,887.0,62.5
1944-05-01,770.8,457.4,889.5,63.3
1944-06-01,784.2,462.1,905.6,64.5
1944-07-01,790.3,464.0,920.1,64.8
1944-08-01,786.6,463.5,920.8,65.5
1944-09-01,786.0,465.6,918.8,66.1
1944-10-01,779.8,460.8,911.3,66.0
1944-11-01,773.0,458.4,908.5,65.8
1944-12-01,770.7,458.0,913.9,66.1
1945-01-01,748.5,458.5,906.2,63.0
1945-02-01,738.9,459.3,913.3,62.2
1945-03-01,735.7,461.5,918.2,61.8
1945-04-01,729.5,463.2,909.7,61.5
1945-05-01,731.3,466.0,908.0,63.1
1945-06-01,734.5,469.6,909.1,65.2
1945-07-01,734.2,463.0,918.9,65.6
1945-08-01,729.8,466.4,902.0,66.4
1945-09-01,678.9,455.4,856.6,67.5
1945-10-01,643.4,443.9,852.8,67.5
1945-11-01,634.3,455.9,868.9,68.2
1945-12-01,639.0,466.9,894.2,67.4
1946-01-01,625.3,466.3,878.7,64.1
1946-02-01,622.9,454.7,882.5,62.8
1946-03-01,629.8,466.9,894.7,63.3
1946-04-01,639.5,417.3,914.3,60.3
1946-05-01,646.7,477.3,907.1,65.1
1946-06-01,662.1,488.3,912.2,68.0
1946-07-01,667.6,489.4,955.7,70.1
1946-08-01,669.4,498.7,945.6,71.8
1946-09-01,670.1,506.2,958.9,72.1
1946-10-01,659.1,506.7,954.9,71.2
1946-11-01,649.4,510.7,964.1,70.2
1946-12-01,650.6,510.8,977.7,69.0
1947-01-01,638.5,505.8,952.1,64.8
1947-02-01,640.1,505.2,957.2,64.5
1947-03-01,652.1,508.9,969.6,65.3
1947-04-01,661.2,509.5,972.5,67.0
1947-05-01,667.4,517.2,981.0,69.8
1947-06-01,679.2,524.9,991.1,77.2
1947-07-01,675.3,515.4,1012.1,79.5
1947-08-01,688.2,523.7,999.6,81.1
1947-09-01,696.9,529.0,1004.2,80.6
1947-10-01,686.0,527.9,991.8,77.8
1947-11-01,681.7,529.3,993.6,75.6
1947-12-01,684.6,538.6,1006.4,73.8
1948-01-01,659.6,532.2,994.3,70.3
1948-02-01,653.9,533.6,995.0,69.4
1948-03-01,665.8,543.5,1000.5,70.1
1948-04-01,674.3,530.4,1003.7,73.0
1948-05-01,659.0,556.6,1002.7,75.8
1948-06-01,683.4,562.1,1022.2,83.6
1948-07-01,703.2,559.4,1028.2,86.3
1948-08-01,709.7,561.9,1022.0,88.4
1948-09-01,717.9,564.7,1031.1,89.0
1948-10-01,708.9,557.4,1024.2,85.3
1948-11-01,698.1,553.0,1023.2,81.8
1948-12-01,691.9,556.1,1029.6,78.9
1949-01-01,642.1,548.1,992.3,72.8
1949-02-01,635.1,543.8,983.4,72.4
1949-03-01,660.4,539.6,980.6,72.7
1949-04-01,678.0,541.5,986.5,74.7
1949-05-01,682.8,542.7,983.2,78.0
1949-06-01,692.8,541.3,989.9,81.9
1949-07-01,683.1,519.0,988.9,84.3
1949-08-01,687.6,520.0,995.6,85.9
1949-09-01,702.7,526.9,998.3,83.0
1949-10-01,678.1,412.9,985.5,80.8
1949-11-01,658.8,510.8,975.4,79.6
1949-12-01,655.9,531.1,982.0,78.1
1950-01-01,603.3,515.8,960.4,71.3
1950-02-01,609.5,394.9,963.8,68.1
1950-03-01,638.0,520.9,973.3,72.0
1950-04-01,658.4,536.6,986.5,75.4
1950-05-01,674.1,537.8,1002.1,80.0
1950-06-01,684.5,540.4,1020.2,85.6
1950-07-01,696.7,529.3,1048.7,87.5
1950-08-01,722.4,538.7,1055.5,88.6
1950-09-01,740.0,546.9,1067.9,87.2
1950-10-01,736.0,542.6,1056.7,84.3
1950-11-01,722.6,541.6,1059.5,82.3
1950-12-01,719.8,546.3,1070.6,80.5
1951-01-01,688.0,531.0,1040.3,75.4
1951-02-01,692.1,529.5,1038.8,75.1
1951-03-01,700.9,537.6,1053.3,76.8
1951-04-01,718.2,531.9,1060.8,79.0
1951-05-01,737.2,538.8,1065.4,83.2
1951-06-01,751.1,539.7,1082.3,87.7
1951-07-01,756.1,533.1,1095.4,89.0
1951-08-01,761.1,536.9,1087.2,92.2
1951-09-01,764.3,542.8,1094.0,86.7
1951-10-01,757.9,541.6,1077.0,84.3
1951-11-01,746.4,541.5,1072.8,82.8
1951-12-01,744.0,545.4,1087.0,82.2
1952-01-01,701.3,531.4,1048.3,78.0
1952-02-01,709.6,527.6,1051.8,77.5
1952-03-01,724.4,530.4,1051.9,78.7
1952-04-01,739.6,531.5,1065.4,81.2
1952-05-01,731.1,530.5,1069.5,85.5
1952-06-01,750.8,519.1,1087.4,90.6
1952-07-01,765.2,505.5,1088.5,91.6
1952-08-01,772.4,523.1,1080.1,92.8
1952-09-01,776.7,528.6,1103.0,90.7
1952-10-01,769.0,526.3,1097.0,88.9
1952-11-01,755.6,525.9,1101.5,87.1
1952-12-01,754.1,537.3,1115.3,86.2
1953-01-01,717.1,517.1,1078.4,80.6
1953-02-01,720.7,510.9,1080.7,79.2
1953-03-01,733.5,513.5,1087.6,80.4
1953-04-01,736.1,513.1,1096.5,82.8
1953-05-01,746.3,512.8,1099.7,86.0
1953-06-01,763.3,512.8,1105.7,91.3
1953-07-01,770.1,506.0,1109.8,93.5
1953-08-01,768.0,511.0,1115.0,94.3
1953-09-01,776.6,516.4,1114.8,91.8
1953-10-01,765.7,516.2,1100.8,91.0
1953-11-01,747.1,513.3,1089.2,88.6
1953-12-01,739.5,513.8,1089.1,86.7
1954-01-01,699.8,488.9,1054.2,80.9
1954-02-01,701.4,481.2,1048.0,79.5
1954-03-01,719.9,477.3,1044.6,78.3
1954-04-01,734.7,476.3,1050.8,81.0
1954-05-01,745.6,474.6,1054.9,83.9
1954-06-01,758.8,472.9,1069.3,90.1
1954-07-01,738.0,467.9,1092.0,91.2
1954-08-01,739.1,470.1,1084.2,92.3
1954-09-01,773.1,473.8,1091.5,89.9
1954-10-01,771.1,472.1,1080.4,87.9
1954-11-01,757.3,471.8,1079.6,85.6
1954-12-01,757.5,477.3,1085.6,84.1
1955-01-01,722.9,456.7,1053.4,78.1
1955-02-01,723.5,457.6,1056.8,76.7
1955-03-01,734.8,463.7,1067.4,77.2
1955-04-01,750.9,471.8,1089.0,79.5
1955-05-01,765.7,476.5,1102.1,84.7
1955-06-01,782.8,480.3,1118.6,90.2
1955-07-01,790.9,478.9,1137.0,93.0
1955-08-01,793.7,485.4,1133.9,93.8
1955-09-01,805.1,493.9,1130.5,92.0
1955-10-01,794.6,496.5,1129.1,88.8
1955-11-01,779.0,496.9,1132.3,86.5
1955-12-01,771.5,507.9,1146.7,84.9
1956-01-01,740.9,488.9,1109.0,80.1
1956-02-01,738.3,491.3,1110.5,79.2
1956-03-01,750.3,495.2,1118.5,80.0
1956-04-01,766.2,499.6,1124.8,82.4
1956-05-01,782.0,506.7,1134.5,86.4
1956-06-01,799.7,503.9,1153.5,93.9
1956-07-01,800.7,489.0,1160.0,95.1
1956-08-01,812.5,504.7,1171.4,96.6
1956-09-01,822.7,506.3,1182.8,93.6
1956-10-01,812.0,511.0,1166.6,89.4
1956-11-01,796.5,513.0,1160.1,85.9
1956-12-01,796.1,518.1,1171.4,85.2
1957-01-01,767.7,498.4,1134.0,80.6
1957-02-01,763.7,497.8,1132.5,80.0
1957-03-01,779.5,502.0,1135.9,81.4
1957-04-01,791.2,508.6,1144.0,83.3
1957-05-01,809.5,512.6,1151.2,86.8
1957-06-01,829.1,509.3,1156.9,95.0
1957-07-01,830.1,506.3,1173.0,96.2
1957-08-01,830.7,512.4,1173.4,96.9
1957-09-01,836.2,518.5,1174.6,93.9
1957-10-01,819.4,515.6,1152.7,89.8
1957-11-01,795.8,512.3,1146.4,86.9
1957-12-01,787.2,508.1,1149.3,85.3
1958-01-01,753.5,483.1,1108.5,81.4
1958-02-01,749.9,470.3,1092.3,80.2
1958-03-01,758.0,467.3,1090.3,80.0
1958-04-01,767.1,463.5,1089.9,82.1
1958-05-01,776.9,461.1,1099.7,87.4
1958-06-01,801.5,462.8,1112.2,93.6
1958-07-01,805.8,463.4,1124.7,96.5
1958-08-01,811.1,466.9,1120.5,96.7
1958-09-01,821.7,476.4,1138.1,94.4
1958-10-01,819.2,477.4,1126.4,91.3
1958-11-01,803.9,475.5,1134.6,89.3
1958-12-01,806.3,475.5,1141.3,86.8
1959-01-01,777.5,457.3,1115.8,82.0
1959-02-01,778.8,456.9,1111.2,80.4
1959-03-01,792.7,461.5,1118.7,81.9
1959-04-01,806.4,464.8,1136.2,86.5
1959-05-01,814.9,468.9,1166.4,91.0
1959-06-01,827.6,469.6,1191.3,99.5
1959-07-01,835.5,468.2,1194.8,101.6
1959-08-01,834.6,462.3,1189.6,101.5
1959-09-01,838.0,467.9,1204.2,99.5
1959-10-01,822.5,466.1,1192.0,96.9
1959-11-01,812.5,469.4,1179.6,93.9
1959-12-01,811.4,468.6,1192.6,92.7
1960-01-01,782.2,459.5,1165.5,88.7
1960-02-01,785.4,457.9,1168.5,88.3
1960-03-01,791.9,456.0,1168.9,88.8
1960-04-01,809.8,465.3,1179.0,93.2
1960-05-01,816.8,467.4,1190.3,97.2
1960-06-01,829.7,463.7,1207.8,103.3
1960-07-01,828.9,457.9,1209.5,105.2
1960-08-01,832.1,459.5,1200.4,105.2
1960-09-01,837.5,465.6,1216.1,103.0
1960-10-01,824.3,459.7,1205.3,98.1
1960-11-01,806.7,455.7,1198.3,94.9
1960-12-01,805.6,452.5,1192.7,92.5
1961-01-01,775.1,437.1,1132.0,88.2
1961-02-01,771.2,431.8,1125.2,87.0
1961-03-01,780.2,436.2,1142.5,88.4
1961-04-01,797.5,442.1,1161.0,92.6
1961-05-01,810.7,448.4,1181.0,96.1
1961-06-01,835.2,452.3,1199.0,102.1
1961-07-01,839.2,449.8,1204.2,106.6
1961-08-01,847.5,456.0,1198.3,106.8
1961-09-01,857.2,458.5,1211.3,102.4
1961-10-01,842.9,456.3,1202.1,99.4
1961-11-01,832.5,455.1,1198.3,94.6
1961-12-01,833.2,453.6,1204.1,92.5
1962-01-01,807.2,439.7,1162.9,88.6
1962-02-01,814.1,439.3,1164.3,87.9
1962-03-01,825.2,441.4,1168.0,87.9
1962-04-01,851.7,449.7,1187.6,92.7
1962-05-01,865.0,453.3,1202.4,95.4
1962-06-01,877.7,452.1,1226.0,103.0
1962-07-01,876.4,448.9,1225.2,105.5
1962-08-01,887.4,450.2,1224.6,104.0
1962-09-01,889.7,453.7,1237.9,100.1
1962-10-01,874.7,450.8,1233.1,97.1
1962-11-01,855.1,446.7,1227.5,93.1
1962-12-01,855.4,444.3,1226.8,91.4
1963-01-01,823.8,432.7,1189.2,86.1
1963-02-01,823.8,431.4,1185.9,85.9
1963-03-01,832.7,436.5,1189.6,86.6
1963-04-01,840.3,447.9,1213.9,91.3
1963-05-01,850.9,452.0,1229.7,95.6
1963-06-01,857.9,453.5,1251.6,103.3
1963-07-01,855.8,452.2,1255.8,105.5
1963-08-01,867.5,454.7,1257.1,106.0
1963-09-01,877.1,461.8,1265.1,104.0
1963-10-01,866.2,461.2,1256.4,99.5
1963-11-01,853.7,457.7,1253.9,96.8
1963-12-01,857.9,457.0,1253.5,94.0
1964-01-01,822.4,444.1,1220.4,89.5
1964-02-01,822.8,443.6,1218.2,87.6
1964-03-01,828.6,453.2,1224.1,87.9
1964-04-01,840.1,455.8,1244.1,92.0
1964-05-01,850.2,460.8,1265.4,96.6
1964-06-01,865.4,462.7,1281.9,104.9
1964-07-01,867.0,462.4,1282.2,106.6
1964-08-01,870.8,464.8,1296.6,106.6
1964-09-01,881.3,470.7,1310.8,104.3
1964-10-01,876.7,472.5,1301.4,99.9
1964-11-01,866.3,470.8,1297.9,96.8
1964-12-01,865.9,469.9,1307.7,94.2
1965-01-01,834.7,456.3,1274.2,90.8
1965-02-01,841.3,454.9,1272.3,88.4
1965-03-01,857.8,459.6,1278.2,88.9
1965-04-01,875.8,472.0,1300.8,91.6
1965-05-01,886.5,477.5,1320.1,95.5
1965-06-01,906.5,485.8,1349.9,104.0
1965-07-01,906.2,487.8,1350.6,106.2
1965-08-01,917.7,487.3,1358.5,105.4
1965-09-01,936.1,482.3,1370.1,101.3
1965-10-01,928.4,483.6,1367.7,98.2
1965-11-01,927.0,484.8,1368.9,95.7
1965-12-01,940.0,487.1,1369.4,94.2
1966-01-01,910.5,473.7,1320.6,88.9
1966-02-01,922.4,474.8,1337.4,88.3
1966-03-01,938.7,481.4,1347.9,89.1
1966-04-01,962.2,482.3,1363.7,92.3
1966-05-01,974.6,494.9,1378.2,97.5
1966-06-01,1012.1,507.7,1418.7,105.3
1966-07-01,1007.5,507.7,1407.9,107.0
1966-08-01,1020.3,506.6,1416.0,106.2
1966-09-01,1039.6,504.6,1432.3,103.9
1966-10-01,1028.0,503.2,1432.2,98.0
1966-11-01,1021.5,502.2,1434.7,95.5
1966-12-01,1024.7,502.8,1439.5,94.8
1967-01-01,990.5,488.7,1386.5,91.5
1967-02-01,993.1,488.8,1383.6,90.1
1967-03-01,1006.1,492.9,1399.9,91.6
1967-04-01,1019.9,498.8,1409.7,94.4
1967-05-01,1034.7,500.8,1419.3,98.2
1967-06-01,1065.4,511.5,1453.9,104.4
1967-07-01,1053.2,514.2,1442.1,107.8
1967-08-01,1064.6,508.9,1444.3,107.8
1967-09-01,1083.7,508.9,1459.1,104.6
1967-10-01,1075.7,509.2,1456.1,100.6
1967-11-01,1074.9,510.3,1454.7,98.8
1967-12-01,1082.3,510.6,1457.1,98.3
1968-01-01,1054.0,493.1,1416.2,95.0
1968-02-01,1057.1,494.2,1419.8,94.1
1968-03-01,1070.0,497.7,1424.5,95.4
1968-04-01,1074.9,507.2,1441.7,97.5
1968-05-01,1091.2,511.1,1458.5,102.3
1968-06-01,1115.2,515.8,1490.1,109.5
1968-07-01,1108.0,515.4,1486.5,111.9
1968-08-01,1123.2,515.2,1492.9,112.1
1968-09-01,1131.5,515.2,1504.3,109.2
1968-10-01,1124.1,504.6,1507.2,104.7
1968-11-01,1118.6,515.3,1511.3,102.4
1968-12-01,1123.8,515.6,1512.0,101.2
1969-01-01,1080.3,498.0,1475.1,98.1
1969-02-01,1081.3,498.8,1479.0,97.7
1969-03-01,1104.3,500.7,1482.7,98.5
1969-04-01,1114.3,508.2,1501.2,101.9
1969-05-01,1129.6,515.8,1513.4,106.5
1969-06-01,1150.2,519.9,1544.7,114.7
1969-07-01,1126.9,518.2,1536.9,115.4
1969-08-01,1131.6,517.1,1552.4,116.1
1969-09-01,1143.5,519.2,1560.1,114.6
1969-10-01,1132.7,517.5,1555.5,108.5
1969-11-01,1122.6,517.3,1545.9,105.5
1969-12-01,1124.9,516.8,1554.6,106.1
1970-01-01,1089.3,503.8,1516.8,101.2
1970-02-01,1083.4,501.2,1508.1,100.8
1970-03-01,1084.1,506.5,1514.9,102.3
1970-04-01,1081.0,508.6,1513.3,103.4
1970-05-01,1083.6,515.6,1525.8,107.3
1970-06-01,1096.1,521.9,1544.1,114.4
1970-07-01,1075.5,522.5,1545.5,116.3
1970-08-01,1076.6,520.9,1544.2,116.7
1970-09-01,1083.1,524.8,1558.3,114.4
1970-10-01,1075.6,523.7,1536.2,110.3
1970-11-01,1063.2,523.1,1528.2,106.9
1970-12-01,1060.1,525.4,1529.3,106.5
1971-01-01,1028.1,510.9,1489.3,102.6
1971-02-01,1035.5,508.5,1474.7,101.8
1971-03-01,1044.3,513.3,1480.5,102.7
1971-04-01,1056.5,524.5,1502.2,105.8
1971-05-01,1062.1,529.7,1523.7,109.8
1971-06-01,1082.5,532.4,1541.9,117.9
1971-07-01,1060.4,540.0,1537.4,119.6
1971-08-01,1074.4,534.3,1549.4,119.5
1971-09-01,1087.3,534.2,1557.6,117.3
1971-10-01,1083.9,491.3,1553.5,113.4
1971-11-01,1077.0,489.2,1551.0,111.5
1971-12-01,1080.4,531.3,1544.1,111.2
1972-01-01,1053.0,518.3,1511.9,107.8
1972-02-01,1051.6,517.5,1512.4,108.1
1972-03-01,1070.8,523.9,1520.5,109.9
1972-04-01,1085.5,534.4,1540.4,111.5
1972-05-01,1101.4,541.6,1568.6,115.5
1972-06-01,1125.3,546.2,1602.1,125.2
1972-07-01,1103.3,552.7,1599.7,126.1
1972-08-01,1116.2,547.0,1612.4,126.9
1972-09-01,1125.8,551.9,1624.3,123.8
1972-10-01,1125.2,550.9,1626.2,119.3
1972-11-01,1123.9,551.0,1626.9,117.3
1972-12-01,1118.7,550.3,1624.7,116.5
1973-01-01,1095.1,537.4,1594.4,113.5
1973-02-01,1109.6,537.9,1597.6,113.9
1973-03-01,1127.3,546.5,1610.9,116.1
1973-04-01,1143.6,553.8,1626.3,120.2
1973-05-01,1156.5,561.2,1649.0,125.6
1973-06-01,1176.2,576.0,1682.9,134.6
1973-07-01,1150.6,569.0,1674.0,134.8
1973-08-01,1165.6,569.8,1689.7,136.2
1973-09-01,1180.0,569.8,1697.5,132.9
1973-10-01,1176.3,572.4,1703.9,129.9
1973-11-01,1174.0,573.6,1702.2,128.0
1973-12-01,1171.9,571.7,1697.3,127.7
1974-01-01,1139.7,554.2,1647.8,125.1
1974-02-01,1148.5,551.8,1648.7,125.4
1974-03-01,1160.1,553.8,1657.3,127.2
1974-04-01,1175.8,567.1,1686.1,130.0
1974-05-01,1196.6,573.9,1712.1,134.8
1974-06-01,1222.1,587.4,1734.7,142.5
1974-07-01,1205.0,578.6,1718.3,142.5
1974-08-01,1222.9,580.2,1720.0,144.6
1974-09-01,1238.7,583.6,1737.7,142.3
1974-10-01,1236.9,584.3,1739.8,143.3
1974-11-01,1225.9,580.6,1728.1,140.6
1974-12-01,1216.5,573.6,1710.6,139.2
1975-01-01,1185.7,557.9,1646.3,135.8
1975-02-01,1184.7,555.7,1634.1,134.9
1975-03-01,1200.2,557.9,1631.4,136.0
1975-04-01,1213.3,567.6,1638.8,138.4
1975-05-01,1232.0,575.6,1666.9,144.7
1975-06-01,1245.4,580.3,1686.5,152.8
1975-07-01,1226.6,585.9,1680.8,153.9
1975-08-01,1236.2,577.2,1698.9,154.1
1975-09-01,1250.2,585.4,1713.5,153.8
1975-10-01,1250.7,585.4,1713.8,151.3
1975-11-01,1242.4,583.9,1707.9,148.4
1975-12-01,1240.5,583.3,1702.2,147.5
1976-01-01,1220.5,571.4,1654.5,143.7
1976-02-01,1229.8,575.0,1655.7,143.6
1976-03-01,1245.6,581.2,1674.2,145.1
1976-04-01,1263.0,593.0,1701.3,148.8
1976-05-01,1280.0,610.6,1717.6,155.5
1976-06-01,1298.7,603.0,1742.1,164.4
1976-07-01,1281.5,609.9,1732.6,168.1
1976-08-01,1293.1,586.1,1747.9,167.6
1976-09-01,1317.4,606.9,1771.3,164.8
1976-10-01,1321.5,607.5,1778.3,161.5
1976-11-01,1323.0,607.0,1767.1,158.6
1976-12-01,1320.6,603.8,1768.6,157.0
1977-01-01,1292.2,584.7,1722.1,153.0
1977-02-01,1301.7,579.1,1718.6,153.7
1977-03-01,1319.9,595.9,1730.1,156.2
1977-04-01,1347.7,613.7,1760.1,159.4
1977-05-01,1360.3,625.1,1798.9,167.1
1977-06-01,1387.1,630.9,1829.9,177.4
1977-07-01,1367.4,629.7,1812.1,180.0
1977-08-01,1384.9,614.9,1830.2,182.8
1977-09-01,1415.5,634.8,1844.9,183.9
1977-10-01,1399.3,630.2,1847.1,180.2
1977-11-01,1403.3,629.0,1849.4,176.9
1977-12-01,1423.9,570.3,1843.1,176.7
1978-01-01,1401.9,551.9,1797.7,173.5
1978-02-01,1418.4,545.6,1804.4,174.3
1978-03-01,1444.8,558.4,1825.1,177.5
1978-04-01,1463.7,640.4,1850.0,180.1
1978-05-01,1486.3,651.6,1877.4,185.3
1978-06-01,1516.7,659.9,1912.9,194.3
1978-07-01,1493.5,664.1,1904.9,194.5
1978-08-01,1497.2,653.0,1918.5,197.1
1978-09-01,1510.0,660.2,1933.0,197.3
1978-10-01,1528.4,671.3,1940.6,193.2
1978-11-01,1531.2,672.3,1942.2,191.8
1978-12-01,1532.9,668.3,1937.2,190.2
1979-01-01,1496.7,636.9,1873.1,185.7
1979-02-01,1510.0,632.3,1893.5,187.5
1979-03-01,1540.7,645.6,1908.0,190.6
1979-04-01,1562.4,654.9,1936.6,192.8
1979-05-01,1584.5,663.1,1963.6,199.0
1979-06-01,1618.5,663.8,1994.5,208.2
1979-07-01,1582.6,667.4,1970.6,207.3
1979-08-01,1595.7,666.6,1977.4,207.9
1979-09-01,1619.5,675.8,1994.6,211.6
1979-10-01,1625.5,667.0,2008.6,207.9
1979-11-01,1620.9,666.1,2005.0,204.9
1979-12-01,1617.4,663.1,1997.0,205.0
1980-01-01,1576.8,639.1,1925.7,198.6
1980-02-01,1590.1,635.7,1932.0,198.3
1980-03-01,1602.4,642.2,1931.7,200.8
1980-04-01,1609.7,646.8,1934.9,202.6
1980-05-01,1618.0,652.3,1935.2,208.4
1980-06-01,1626.0,652.3,1947.6,215.7
1980-07-01,1592.9,649.9,1924.8,213.6
1980-08-01,1600.1,640.2,1938.9,216.6
1980-09-01,1621.8,648.2,1948.3,221.3
1980-10-01,1623.3,649.8,1946.8,218.1
1980-11-01,1619.6,647.0,1949.7,214.7
1980-12-01,1619.3,646.7,1941.7,213.4
1981-01-01,1590.3,625.2,1888.7,209.3
1981-02-01,1591.6,624.9,1884.1,208.5
1981-03-01,1607.1,630.2,1884.0,211.2
1981-04-01,1621.7,585.3,1917.2,214.8
1981-05-01,1633.7,585.7,1932.8,222.0
1981-06-01,1652.3,628.0,1945.9,232.4
1981-07-01,1612.2,650.9,1937.1,231.0
1981-08-01,1613.1,642.1,1944.8,234.2
1981-09-01,1631.0,648.0,1955.6,236.2
1981-10-01,1611.3,643.9,1943.5,230.6
1981-11-01,1593.8,640.5,1929.4,226.6
1981-12-01,1585.5,637.3,1915.8,224.6
1982-01-01,1556.8,611.5,1850.7,215.8
1982-02-01,1554.4,607.2,1846.9,214.9
1982-03-01,1567.8,611.7,1848.2,215.5
1982-04-01,1573.8,612.7,1854.8,217.0
1982-05-01,1576.7,615.9,1881.0,221.6
1982-06-01,1594.5,613.4,1896.3,226.9
1982-07-01,1560.6,614.8,1876.9,222.0
1982-08-01,1558.8,612.9,1880.3,222.1
1982-09-01,1581.6,604.3,1889.2,223.0
1982-10-01,1571.5,602.0,1872.7,215.8
1982-11-01,1564.1,595.7,1857.5,211.5
1982-12-01,1562.6,591.9,1846.4,206.0
1983-01-01,1525.3,569.7,1790.7,200.7
1983-02-01,1528.8,561.9,1792.5,198.0
1983-03-01,1544.3,566.7,1800.6,198.5
1983-04-01,1568.9,573.3,1832.1,193.5
1983-05-01,1581.2,579.8,1868.3,198.6
1983-06-01,1610.7,582.0,1895.2,206.3
1983-07-01,1581.4,589.8,1888.7,204.3
1983-08-01,1582.0,595.8,1885.1,206.8
1983-09-01,1622.6,591.8,1915.6,212.1
1983-10-01,1633.6,592.1,1908.7,206.9
1983-11-01,1627.8,592.6,1915.8,203.3
1983-12-01,1627.6,592.7,1913.8,201.3
1984-01-01,1592.5,578.6,1867.8,194.6
1984-02-01,1605.3,577.7,1872.5,194.5
1984-03-01,1625.8,583.7,1887.2,194.6
1984-04-01,1642.6,590.1,1923.6,196.3
1984-05-01,1660.6,597.9,1950.9,202.0
1984-06-01,1680.8,605.2,1983.9,211.9
1984-07-01,1665.7,608.2,1965.1,212.7
1984-08-01,1678.2,612.2,1977.7,214.5
1984-09-01,1700.1,607.4,2000.6,213.0
1984-10-01,1696.2,601.4,1988.5,209.4
1984-11-01,1688.4,599.0,1991.9,204.8
1984-12-01,1678.5,597.8,1980.2,203.1
1985-01-01,1648.1,581.4,1921.6,195.5
1985-02-01,1649.6,575.5,1914.2,194.5
1985-03-01,1671.3,583.9,1927.6,196.0
1985-04-01,1695.9,593.6,1959.0,198.2
1985-05-01,1712.4,602.9,1996.6,207.9
1985-06-01,1730.5,605.3,2016.2,212.0
1985-07-01,1716.1,606.4,1993.8,217.2
1985-08-01,1732.9,600.8,2002.6,218.8
1985-09-01,1748.0,606.6,2018.5,217.5
1985-10-01,1748.9,603.3,2020.0,212.4
1985-11-01,1738.5,601.3,2016.5,208.1
1985-12-01,1732.9,605.7,2010.7,205.2
1986-01-01,1707.8,583.9,1952.1,199.5
1986-02-01,1714.5,580.5,1956.3,196.6
1986-03-01,1733.5,585.9,1968.0,197.1
1986-04-01,1754.1,593.7,1998.0,197.4
1986-05-01,1772.4,613.1,2028.2,201.7
1986-06-01,1788.4,600.4,2051.9,206.5
1986-07-01,1770.6,605.1,2031.5,202.1
1986-08-01,1782.4,599.8,2041.6,200.5
1986-09-01,1806.0,604.1,2061.0,196.8
1986-10-01,1808.8,601.7,2067.3,189.1
1986-11-01,1800.0,600.0,2070.0,184.8
1986-12-01,1800.1,601.6,2060.8,183.4
1987-01-01,1769.0,584.7,2004.6,176.3
1987-02-01,1775.4,580.6,2013.5,174.9
1987-03-01,1794.4,588.2,2028.3,174.7
1987-04-01,1822.1,593.3,2064.3,176.8
1987-05-01,1844.4,600.3,2091.1,184.5
1987-06-01,1871.7,603.1,2119.4,189.7
1987-07-01,1858.3,604.2,2102.2,185.8
1987-08-01,1874.5,599.9,2109.2,187.8
1987-09-01,1901.0,605.1,2129.1,192.0
1987-10-01,1904.3,609.9,2139.2,187.1
1987-11-01,1901.6,610.1,2137.8,184.2
1987-12-01,1905.0,608.5,2136.2,183.4
1988-01-01,1854.7,589.9,2072.0,179.2
1988-02-01,1865.9,589.6,2082.7,179.2
1988-03-01,1885.8,597.0,2099.7,180.1
1988-04-01,1913.1,605.6,2141.4,184.5
1988-05-01,1934.0,622.3,2166.0,190.7
1988-06-01,1962.2,614.4,2202.5,199.5
1988-07-01,1947.7,616.7,2186.8,194.8
1988-08-01,1957.4,617.2,2191.8,196.9
1988-09-01,1994.4,613.0,2215.8,196.4
1988-10-01,1987.5,613.0,2220.2,190.9
1988-11-01,1999.0,624.5,2223.9,188.9
1988-12-01,2001.0,614.9,2218.9,187.3
1989-01-01,1950.6,600.7,2152.9,182.4
1989-02-01,1958.3,599.2,2164.8,181.3
1989-03-01,1985.4,606.3,2179.1,183.8
1989-04-01,2010.9,611.5,2208.2,188.2
1989-05-01,2041.6,617.8,2234.4,194.0
1989-06-01,2075.6,618.5,2272.5,202.1
1989-07-01,2053.6,608.0,2249.3,196.8
1989-08-01,2071.0,614.4,2260.2,197.4
1989-09-01,2109.2,623.6,2274.5,201.4
1989-10-01,2098.5,624.8,2277.6,197.7
1989-11-01,2109.4,626.7,2282.1,193.8
1989-12-01,2113.8,625.3,2281.1,194.4
1990-01-01,2070.3,592.4,2206.7,186.9
1990-02-01,2081.1,594.8,2220.8,187.4
1990-03-01,2105.1,604.4,2236.0,190.4
1990-04-01,2127.1,609.1,2268.7,194.5
1990-05-01,2154.4,627.4,2298.1,200.4
1990-06-01,2182.0,617.9,2333.7,208.4
1990-07-01,2156.7,610.8,2309.6,202.7
1990-08-01,2172.0,612.1,2315.7,203.6
1990-09-01,2195.0,617.6,2331.6,206.4
1990-10-01,2174.8,618.4,2329.4,202.1
1990-11-01,2182.5,616.5,2329.4,200.2
1990-12-01,2170.9,615.8,2317.8,199.3
1991-01-01,2113.3,596.3,2232.8,192.6
1991-02-01,2122.0,596.7,2237.5,192.8
1991-03-01,2144.0,603.7,2251.2,195.5
1991-04-01,2159.7,606.9,2275.3,197.7
1991-05-01,2189.7,614.0,2303.6,205.9
1991-06-01,2203.5,614.3,2335.4,213.4
1991-07-01,2188.0,607.2,2313.4,207.6
1991-08-01,2192.8,608.8,2323.0,208.3
1991-09-01,2224.6,616.0,2333.2,211.4
1991-10-01,2217.7,617.5,2341.5,207.5
1991-11-01,2220.6,617.3,2340.8,202.4
1991-12-01,2210.3,616.4,2334.8,202.2
1992-01-01,2159.7,599.6,2268.7,196.1
1992-02-01,2172.2,602.6,2277.0,196.0
1992-03-01,2192.9,608.3,2287.6,197.7
1992-04-01,2210.2,614.9,2334.8,199.9
1992-05-01,2234.1,634.6,2366.0,208.3
1992-06-01,2251.9,620.3,2392.3,214.4
1992-07-01,2229.2,617.9,2374.5,208.7
1992-08-01,2233.3,619.0,2379.8,210.6
1992-09-01,2266.5,626.2,2398.0,213.5
1992-10-01,2261.7,631.7,2404.4,209.8
1992-11-01,2262.9,631.9,2405.9,207.3
1992-12-01,2257.1,632.9,2401.2,205.3
1993-01-01,2185.6,613.1,2324.5,199.4
1993-02-01,2202.2,614.7,2341.4,198.7
1993-03-01,2223.1,618.5,2355.0,200.4
1993-04-01,2245.3,628.7,2376.9,203.6
1993-05-01,2269.0,637.2,2416.2,211.5
1993-06-01,2292.5,634.2,2442.9,220.4
1993-07-01,2281.9,631.7,2424.2,215.4
1993-08-01,2278.4,632.0,2430.9,216.2
1993-09-01,2317.5,640.6,2449.8,220.2
1993-10-01,2300.0,645.5,2460.7,215.6
1993-11-01,2306.6,644.6,2460.8,211.3
1993-12-01,2301.5,650.6,2462.6,211.9
1994-01-01,2240.3,621.0,2383.2,205.5
1994-02-01,2254.4,628.1,2397.1,205.0
1994-03-01,2268.4,636.4,2421.1,207.0
1994-04-01,2292.5,648.1,2455.5,210.4
1994-05-01,2315.1,669.2,2486.6,218.4
1994-06-01,2340.8,656.4,2522.6,226.7
1994-07-01,2313.6,652.6,2512.4,221.6
1994-08-01,2325.6,657.1,2511.8,224.5
1994-09-01,2365.3,666.3,2543.0,225.8
1994-10-01,2354.6,665.5,2540.3,221.1
1994-11-01,2368.9,677.7,2555.2,218.7
1994-12-01,2361.1,666.3,2552.3,217.5
1995-01-01,2296.6,643.4,2476.1,210.5
1995-02-01,2311.2,645.4,2487.4,209.8
1995-03-01,2335.6,655.8,2512.0,212.1
1995-04-01,2347.5,663.5,2532.7,213.6
1995-05-01,2369.4,670.8,2558.7,220.3
1995-06-01,2400.3,669.4,2600.3,230.8
1995-07-01,2354.7,664.2,2570.6,223.2
1995-08-01,2366.5,668.1,2578.8,223.8
1995-09-01,2404.3,675.3,2595.7,228.4
1995-10-01,2372.8,676.2,2593.8,223.8
1995-11-01,2382.7,675.5,2593.2,218.0
1995-12-01,2394.0,675.2,2593.3,218.1
1996-01-01,2337.8,647.9,2522.8,211.2
1996-02-01,2351.1,655.5,2519.0,210.9
1996-03-01,2379.6,663.9,2544.7,212.3
1996-04-01,2396.8,667.5,2563.1,214.8
1996-05-01,2426.4,691.2,2603.7,223.6
1996-06-01,2449.8,677.5,2637.5,231.4
1996-07-01,2433.6,672.4,2610.4,225.1
1996-08-01,2444.6,674.4,2626.3,227.8
1996-09-01,2474.1,683.6,2634.6,229.9
1996-10-01,2483.8,682.9,2641.5,225.9
1996-11-01,2496.8,684.0,2647.4,221.7
1996-12-01,2494.9,681.4,2643.5,219.2
1997-01-01,2433.3,659.8,2558.9,212.9
1997-02-01,2453.4,662.1,2568.4,212.4
1997-03-01,2479.7,670.2,2583.6,214.9
1997-04-01,2502.7,674.7,2616.7,217.5
1997-05-01,2536.9,682.6,2658.6,227.2
1997-06-01,2569.2,684.1,2694.9,233.7
1997-07-01,2545.9,676.8,2670.4,231.7
1997-08-01,2548.1,678.8,2678.5,232.5
1997-09-01,2576.4,687.1,2694.5,233.5
1997-10-01,2587.8,691.2,2707.2,229.5
1997-11-01,2599.6,692.7,2710.5,224.4
1997-12-01,2604.0,692.2,2714.1,224.8
1998-01-01,2530.4,667.6,2624.0,218.1
1998-02-01,2552.2,671.9,2638.0,218.1
1998-03-01,2572.9,678.5,2650.6,219.5
1998-04-01,2596.5,684.0,2690.5,222.4
1998-05-01,2626.7,703.4,2725.6,232.4
1998-06-01,2650.7,694.9,2758.8,237.7
1998-07-01,2633.3,687.7,2730.3,234.3
1998-08-01,2631.1,689.9,2737.2,234.5
1998-09-01,2658.0,697.6,2745.3,235.3
1998-10-01,2662.7,700.8,2759.5,231.9
1998-11-01,2672.0,701.4,2767.1,227.7
1998-12-01,2671.2,701.8,2774.6,228.0
1999-01-01,2601.7,674.5,2685.2,221.2
1999-02-01,2614.7,679.4,2698.6,220.9
1999-03-01,2641.1,685.1,2717.0,224.6
1999-04-01,2651.3,694.1,2759.7,227.2
1999-05-01,2671.3,699.9,2786.7,234.9
1999-06-01,2696.0,699.7,2825.9,242.6
1999-07-01,2690.4,692.1,2807.2,240.1
1999-08-01,2689.7,693.1,2809.8,239.9
1999-09-01,2712.0,699.8,2814.2,241.1
1999-10-01,2723.6,705.1,2825.7,237.8
1999-11-01,2730.2,704.7,2827.7,233.1
1999-12-01,2732.0,706.2,2834.1,234.0
2000-01-01,2671.0,681.5,2747.4,228.0
2000-02-01,2678.0,682.3,2758.2,228.8
2000-03-01,2721.5,696.3,2783.6,232.4
2000-04-01,2720.5,700.1,2818.8,234.2
2000-05-01,2755.3,718.3,2845.4,241.9
2000-06-01,2779.5,705.6,2884.0,248.4
2000-07-01,2744.8,699.8,2851.0,246.0
2000-08-01,2756.8,696.6,2856.9,246.7
2000-09-01,2775.8,707.8,2857.8,245.2
2000-10-01,2778.6,708.7,2862.6,243.1
2000-11-01,2786.0,711.6,2868.4,238.3
2000-12-01,2785.6,710.5,2853.1,239.4
2001-01-01,2707.7,685.7,2769.2,233.3
2001-02-01,2713.9,689.1,2774.8,233.7
2001-03-01,2731.6,698.0,2787.3,237.1
2001-04-01,2736.0,701.0,2811.9,239.5
2001-05-01,2755.3,705.5,2838.4,247.3
2001-06-01,2774.4,706.6,2859.9,256.2
2001-07-01,2737.7,697.2,2827.5,252.4
2001-08-01,2733.7,700.1,2827.4,254.1
2001-09-01,2741.8,704.9,2823.2,251.5
2001-10-01,2733.6,706.7,2819.0,249.0
2001-11-01,2725.6,708.5,2810.8,245.6
2001-12-01,2708.0,707.5,2796.6,245.4
2002-01-01,2638.5,682.7,2717.6,238.1
2002-02-01,2642.4,687.0,2715.7,237.9
2002-03-01,2653.2,695.1,2734.1,240.4
2002-04-01,2666.8,698.4,2764.2,242.5
2002-05-01,2691.9,713.7,2797.4,250.3
2002-06-01,2707.3,701.9,2821.0,257.8
2002-07-01,2701.3,696.7,2793.0,255.2
2002-08-01,2700.1,698.1,2798.0,255.0
2002-09-01,2715.4,703.2,2795.9,254.4
2002-10-01,2719.4,702.5,2811.6,250.7
2002-11-01,2724.4,704.9,2813.7,246.6
2002-12-01,2711.2,702.9,2799.0,246.2
2003-01-01,2652.1,680.4,2707.5,239.1
2003-02-01,2661.9,678.4,2715.4,238.7
2003-03-01,2669.2,686.9,2723.5,240.2
2003-04-01,2683.3,693.3,2758.4,243.3
2003-05-01,2709.0,698.3,2792.6,250.9
2003-06-01,2724.7,697.1,2814.9,259.9
2003-07-01,2705.0,691.5,2778.2,257.0
2003-08-01,2704.3,693.6,2780.2,258.3
2003-09-01,2722.1,699.3,2789.3,257.4
2003-10-01,2730.3,702.1,2806.5,255.2
2003-11-01,2732.3,700.9,2799.4,250.0
2003-12-01,2728.0,704.3,2796.0,250.5
2004-01-01,2655.5,682.9,2713.8,244.1
2004-02-01,2674.2,685.3,2722.9,244.6
2004-03-01,2699.5,695.6,2739.8,247.2
2004-04-01,2722.0,703.1,2779.3,250.9
2004-05-01,2744.0,719.0,2812.7,256.5
2004-06-01,2766.6,705.7,2843.1,265.6
2004-07-01,2749.7,701.1,2829.7,262.7
2004-08-01,2744.5,702.5,2833.9,262.4
2004-09-01,2764.4,709.6,2831.7,260.3
2004-10-01,2783.0,713.4,2842.5,258.6
2004-11-01,2791.0,713.1,2842.0,255.5
2004-12-01,2786.6,714.2,2836.1,256.1
2005-01-01,2724.9,693.5,2751.8,249.8
2005-02-01,2740.5,696.4,2763.2,251.0
2005-03-01,2765.8,702.7,2777.8,254.3
2005-04-01,2791.2,711.2,2824.9,257.2
2005-05-01,2816.2,717.4,2849.0,264.1
2005-06-01,2837.1,716.6,2874.4,273.1
2005-07-01,2823.5,710.2,2855.6,271.1
2005-08-01,2823.4,712.9,2857.8,271.7
2005-09-01,2836.4,721.0,2870.6,271.7
2005-10-01,2857.0,719.7,2867.7,269.6
2005-11-01,2870.2,723.2,2869.5,266.1
2005-12-01,2871.3,725.2,2869.6,267.5
2006-01-01,2811.8,706.0,2783.2,262.7
2006-02-01,2832.3,708.9,2786.9,264.6
2006-03-01,2853.0,718.1,2804.8,267.9
2006-04-01,2868.4,720.8,2844.4,270.0
2006-05-01,2898.5,736.3,2873.3,278.1
2006-06-01,2929.7,726.6,2909.7,288.4
2006-07-01,2899.5,714.7,2878.4,283.9
2006-08-01,2903.3,719.1,2879.5,284.4
2006-09-01,2930.2,727.7,2888.5,285.2
2006-10-01,2933.4,728.2,2887.4,282.4
2006-11-01,2942.0,732.5,2887.5,279.8
2006-12-01,2938.6,732.1,2885.1,282.4
2007-01-01,2879.2,708.1,2806.4,275.9
2007-02-01,2909.7,705.1,2801.9,277.7
2007-03-01,2927.4,716.3,2821.8,281.1
2007-04-01,2945.5,720.4,2854.0,281.3
2007-05-01,2974.8,726.1,2895.9,290.0
2007-06-01,3001.5,727.1,2934.2,299.2
2007-07-01,2979.9,718.1,2897.4,295.5
2007-08-01,2980.7,722.8,2898.7,296.0
2007-09-01,2997.0,729.8,2899.0,296.9
2007-10-01,3007.0,731.2,2900.1,294.8
2007-11-01,3020.2,734.7,2901.3,292.6
2007-12-01,3010.9,734.4,2897.6,293.4
2008-01-01,2952.6,712.9,2818.8,287.3
2008-02-01,2972.3,716.7,2814.6,289.2
2008-03-01,2984.8,720.8,2827.4,291.0
2008-04-01,2995.6,725.6,2855.7,291.6
2008-05-01,3017.0,741.0,2897.9,300.3
2008-06-01,3029.7,728.6,2919.1,307.7
2008-07-01,3015.0,724.1,2887.6,305.3
2008-08-01,3010.7,726.2,2886.2,305.1
2008-09-01,3016.5,733.3,2889.6,306.8
2008-10-01,2991.9,735.5,2889.7,304.3
2008-11-01,2994.8,735.6,2877.2,298.8
2008-12-01,2962.0,732.6,2854.6,297.5
2009-01-01,2887.6,706.5,2744.6,287.5
2009-02-01,2881.2,706.5,2731.2,285.8
2009-03-01,2872.9,710.7,2723.5,285.7
2009-04-01,2869.1,712.7,2735.6,283.7
2009-05-01,2882.6,716.5,2765.1,291.1
2009-06-01,2882.7,715.6,2775.3,294.6
2009-07-01,2859.9,705.9,2738.6,289.7
2009-08-01,2838.4,707.5,2732.3,288.9
2009-09-01,2852.6,710.1,2731.9,291.2
2009-10-01,2862.2,711.9,2744.2,285.7
2009-11-01,2851.4,713.5,2739.7,281.2
2009-12-01,2834.2,714.2,2731.9,280.4
2010-01-01,2777.0,690.4,2646.3,272.7
2010-02-01,2784.5,692.2,2651.0,273.8
2010-03-01,2801.8,704.5,2665.4,275.9
2010-04-01,2827.1,711.1,2711.0,278.5
2010-05-01,2853.3,727.9,2743.2,286.4
2010-06-01,2859.6,716.9,2762.0,292.9
2010-07-01,2847.3,712.7,2740.6,289.1
2010-08-01,2828.8,713.6,2744.6,290.7
2010-09-01,2849.0,718.8,2747.0,293.3
2010-10-01,2872.0,721.9,2767.6,290.6
2010-11-01,2870.1,723.8,2768.3,284.3
2010-12-01,2858.7,720.0,2753.3,284.6
2011-01-01,2807.1,698.5,2676.7,276.2
2011-02-01,2819.8,703.0,2683.6,277.8
2011-03-01,2832.0,711.2,2699.7,280.1
2011-04-01,2862.4,720.6,2737.0,281.3
2011-05-01,2880.3,724.6,2766.7,288.8
2011-06-01,2893.4,718.0,2784.5,296.9
2011-07-01,2888.7,713.7,2770.8,296.9
2011-08-01,2877.5,718.5,2771.3,297.5
2011-09-01,2895.5,730.2,2782.3,299.2
2011-10-01,2905.2,732.5,2785.9,295.5
2011-11-01,2908.2,736.1,2786.0,290.3
2011-12-01,2895.2,735.3,2777.5,291.7
2012-01-01,2839.9,715.6,2690.0,283.2
2012-02-01,2854.5,718.7,2704.3,284.6
2012-03-01,2876.3,726.9,2732.6,286.7
2012-04-01,2897.7,731.9,2768.0,287.8
2012-05-01,2926.3,745.8,2802.1,294.2
2012-06-01,2945.3,726.4,2822.0,300.8
2012-07-01,2931.8,719.4,2790.2,299.2
2012-08-01,2927.6,722.4,2796.5,299.2
2012-09-01,2943.3,733.7,2805.2,299.1
2012-10-01,2964.4,735.4,2818.1,296.1
2012-11-01,2969.1,736.1,2826.4,291.0
2012-12-01,2954.5,735.3,2814.1,291.9
2013-01-01,2906.3,713.9,2719.8,283.9
2013-02-01,2924.2,716.0,2745.0,284.5
2013-03-01,2938.6,722.3,2759.2,287.0
2013-04-01,2960.1,727.8,2778.6,287.6
2013-05-01,2989.9,734.2,2822.0,295.2
2013-06-01,3001.4,727.3,2846.5,303.2
2013-07-01,2992.5,720.1,2823.5,301.5
2013-08-01,2994.1,723.5,2832.3,301.0
2013-09-01,3011.6,729.2,2840.6,300.1
2013-10-01,3027.0,732.0,2848.8,298.2
2013-11-01,3033.0,735.8,2852.4,292.4
2013-12-01,3023.6,732.6,2846.5,293.2
2014-01-01,2985.5,708.8,2764.7,286.7
2014-02-01,2992.4,708.0,2777.3,287.6
2014-03-01,3010.5,717.1,2791.3,289.6
2014-04-01,3026.6,725.7,2826.9,291.4
2014-05-01,3051.7,741.8,2863.0,300.0
2014-06-01,3069.7,716.5,2890.4,307.4
2014-07-01,3071.8,712.5,2869.8,306.9
2014-08-01,3073.3,718.6,2882.8,305.8
2014-09-01,3090.4,730.2,2882.3,305.5
2014-10-01,3097.4,736.2,2892.6,304.2
2014-11-01,3105.1,737.2,2903.0,296.4
2014-12-01,3106.6,735.3,2891.2,298.8
2015-01-01,3061.3,713.4,2808.8,291.6
2015-02-01,3073.6,711.4,2824.1,291.8
2015-03-01,3095.7,715.8,2838.3,292.8
2015-04-01,3120.8,722.8,2877.6,293.2
2015-05-01,3147.6,728.3,2906.5,298.7
2015-06-01,3171.0,720.8,2930.3,303.9
2015-07-01,3162.9,712.9,2914.8,303.5
2015-08-01,3157.6,714.8,2916.6,302.7
2015-09-01,3177.4,723.8,2917.2,302.1
2015-10-01,3183.5,728.8,2930.4,299.6
2015-11-01,3190.9,730.0,2929.6,291.2
2015-12-01,3188.7,728.6,2930.5,291.5
2016-01-01,3153.0,703.0,2852.7,283.1
2016-02-01,3172.1,700.7,2869.7,282.4
2016-03-01,3190.2,709.3,2879.5,283.2
2016-04-01,3223.5,714.4,2923.4,282.7
2016-05-01,3249.1,724.1,2939.0,288.1
2016-06-01,3265.3,707.4,2960.0,293.6
2016-07-01,3260.6,701.4,2951.7,291.6
2016-08-01,3255.3,703.9,2957.0,290.6
2016-09-01,3281.5,714.5,2948.3,289.1
2016-10-01,3279.1,716.7,2956.1,285.8
2016-11-01,3290.5,728.3,2966.3,279.7
2016-12-01,3286.8,716.0,2948.0,280.4
2017-01-01,3234.0,697.2,2876.2,274.1
2017-02-01,3251.0,698.8,2892.5,275.1
2017-03-01,3276.5,705.1,2905.5,277.0
2017-04-01,3299.4,708.2,2939.2,277.8
2017-05-01,3330.2,713.1,2965.9,285.5
2017-06-01,3355.1,710.5,2992.7,292.1
2017-07-01,3340.9,704.4,2975.0,290.5
2017-08-01,3331.1,707.2,2971.2,291.1
2017-09-01,3350.7,716.5,2968.1,290.6
2017-10-01,3353.6,721.0,2977.8,286.4
2017-11-01,3363.2,721.4,2981.6,280.7
2017-12-01,3361.6,717.9,2977.1,282.0
2018-01-01,3325.2,700.4,2907.9,276.1
2018-02-01,3340.1,702.1,2928.8,276.4
2018-03-01,3364.3,708.2,2939.5,278.2
2018-04-01,3377.0,715.7,2960.2,279.6
2018-05-01,3407.9,730.1,2992.8,287.2
2018-06-01,3427.8,723.1,3022.9,293.7
2018-07-01,3413.6,718.8,3001.8,292.7
2018-08-01,3415.1,723.5,3005.0,292.9
2018-09-01,3424.9,729.1,2991.8,291.6
2018-10-01,3434.7,734.2,3000.8,290.0
2018-11-01,3442.3,732.7,3009.0,285.4
2018-12-01,3433.7,726.7,3001.2,286.5
2019-01-01,3395.4,706.2,2928.8,280.9
2019-02-01,3381.0,705.9,2936.2,282.6
2019-03-01,3421.1,710.6,2949.2,283.7
2019-04-01,3447.5,717.9,2977.1,284.4
2019-05-01,3477.5,720.5,3000.0,292.2
2019-06-01,3497.4,719.6,3034.2,298.9
2019-07-01,3491.1,712.9,3010.5,297.7
2019-08-01,3490.5,717.2,3004.8,298.3
2019-09-01,3493.6,719.6,2990.5,296.3
2019-10-01,3497.9,722.0,3007.0,294.6
2019-11-01,3506.1,720.1,3007.6,287.6
2019-12-01,3508.3,716.4,3005.6,288.8
2020-01-01,3463.7,703.9,2935.3,283.0
2020-02-01,3476.5,702.5,2950.2,282.7
2020-03-01,3469.3,701.5,2940.2,282.4
2020-04-01,3091.9,610.1,2581.7,259.1
2020-05-01,3098.0,625.2,2658.0,264.0
2020-06-01,3195.5,660.9,2772.7,271.8
2020-07-01,3229.6,652.9,2802.2,272.6
2020-08-01,3252.2,660.8,2831.5,275.9
2020-09-01,3274.8,669.0,2840.1,277.0
2020-10-01,3280.6,678.0,2861.8,275.7
2020-11-01,3289.7,678.7,2855.8,270.7
2020-12-01,3264.8,675.9,2856.2,273.3
2021-01-01,3217.3,657.8,2800.3,266.2
2021-02-01,3247.1,661.9,2811.8,268.1
2021-03-01,3286.1,672.6,2829.9,270.3
2021-04-01,3325.1,676.6,2872.1,272.7
2021-05-01,3352.1,681.3,2894.7,279.2
2021-06-01,3382.1,681.6,2928.9,286.6
2021-07-01,3400.6,681.8,2933.2,285.3
2021-08-01,3406.6,684.0,2922.9,284.9
2021-09-01,3426.3,687.0,2912.3,284.8
2021-10-01,3457.5,694.9,2932.8,282.8
2021-11-01,3468.9,698.1,2935.1,278.7
2021-12-01,3469.9,697.6,2933.3,280.7
2022-01-01,3410.1,681.7,2873.9,274.2
2022-02-01,3454.0,687.5,2905.3,276.0
2022-03-01,3478.7,692.7,2917.5,277.4
2022-04-01,3500.6,697.2,2950.4,280.2
2022-05-01,3521.8,708.5,2970.2,284.6
2022-06-01,3542.4,696.5,2999.6,291.4
2022-07-01,3562.5,693.6,3006.7,292.1
2022-08-01,3568.6,696.1,3009.8,291.5
2022-09-01,3572.5,703.4,3003.6,292.1
2022-10-01,3575.6,704.7,3009.3,288.5
2022-11-01,3577.6,715.1,3012.7,284.5
2022-12-01,3572.8,705.5,3002.0,286.4
2023-01-01,3527.9,695.9,2943.7,281.3
2023-02-01,3545.0,700.5,2965.3,282.4
2023-03-01,3561.6,704.6,2977.1,284.3
2023-04-01,3584.6,708.4,2999.2,285.2
2023-05-01,3609.2,711.3,3017.3,292.3
2023-06-01,3638.6,713.8,3053.9,298.9
2023-07-01,3615.4,704.8,3034.1,297.5
2023-08-01,3610.0,708.9,3031.0,297.8
2023-09-01,3617.0,716.6,3024.7,297.9
2023-10-01,3630.4,720.9,3037.6,295.1
2023-11-01,3623.6,723.7,3038.4,291.4
2023-12-01,3631.3,723.4,3028.6,290.8
2024-01-01,3580.7,707.7,2965.0,284.4
2024-02-01,3599.5,712.9,2992.8,285.9
2024-03-01,3622.0,715.3,2997.6,287.5
2024-04-01,3640.9,718.4,3028.7,289.6
2024-05-01,3675.0,728.8,3050.7,294.7
2024-06-01,3707.2,720.1,3079.3,300.5
2024-07-01,3689.8,714.1,3067.4,299.1
2024-08-01,3682.3,716.7,3068.7,299.7
2024-09-01,3673.1,720.4,3053.6,300.1
2024-10-01,3645.7,724.9,3063.0,298.8
2024-11-01,3668.7,726.5,3060.4,295.2
2024-12-01,3675.5,724.6,3044.7,295.9
