observation_date,ALNAN,AKNAN,AZNAN,ARNAN,CANAN,CONAN,PAYEMS,PAYNSA,CTNAN,DENAN,FLNAN,GANAN
1939-01-01,394.1,,93.6,188.9,1700.7,217.2,29923,29296,537.6,69.5,402.5,504.2
1939-02-01,396.9,,93.5,190.0,1709.4,216.8,30100,29394,536.5,70.0,408.6,509.8
1939-03-01,404.2,,94.0,192.7,1731.2,220.1,30280,29804,539.8,72.0,413.1,521.8
1939-04-01,388.5,,94.5,191.6,1772.8,224.9,30094,29786,541.5,73.0,397.7,524.5
1939-05-01,384.9,,94.7,191.3,1797.9,232.2,30299,30145,547.5,73.8,379.3,519.5
1939-06-01,400.0,,95.8,191.9,1827.2,236.5,30502,30520,549.8,76.6,369.9,518.3
1939-07-01,405.1,,94.3,194.8,1842.8,238.7,30419,30472,549.5,75.2,362.2,519.9
1939-08-01,407.2,,93.1,199.9,1888.7,239.2,30663,30870,556.9,80.1,359.0,525.9
1939-09-01,412.7,,96.1,208.5,1897.6,244.6,31031,31608,569.6,81.7,367.5,535.6
1939-10-01,422.2,,97.4,210.6,1879.9,248.0,31411,31975,586.0,81.1,388.5,545.1
1939-11-01,421.9,,98.2,206.4,1836.8,241.2,31470,31837,593.6,79.0,406.8,545.0
1939-12-01,426.3,,101.2,207.7,1858.7,242.3,31542,32037,595.7,79.6,430.9,550.7
1940-01-01,410.8,,99.0,192.8,1795.7,227.0,31603,30966,580.6,77.3,427.7,533.8
1940-02-01,409.5,,99.2,194.5,1809.3,225.5,31715,30995,578.6,76.1,436.5,535.1
1940-03-01,416.3,,101.1,196.5,1835.8,228.9,31825,31328,578.7,77.9,437.0,546.2
1940-04-01,414.5,,100.8,198.8,1871.2,228.9,31701,31397,582.1,79.3,418.7,542.4
1940-05-01,414.4,,100.9,197.2,1896.0,233.9,31879,31738,586.8,81.9,401.6,543.8
1940-06-01,413.3,,100.5,192.9,1913.2,239.3,31977,32016,594.1,83.4,389.9,539.5
1940-07-01,416.5,,98.7,192.8,1930.4,242.0,31942,32019,595.7,83.3,385.1,536.6
1940-08-01,425.9,,98.4,201.2,2024.1,244.9,32352,32586,605.7,86.1,394.7,543.6
1940-09-01,437.6,,99.6,207.5,2014.5,246.4,32810,33379,618.5,87.6,410.1,559.9
1940-10-01,450.4,,101.4,213.0,2026.7,249.9,33267,33806,633.1,87.4,432.8,578.0
1940-11-01,458.4,,102.8,214.0,2001.5,245.8,33669,34000,643.6,85.3,466.4,586.6
1940-12-01,464.9,,105.4,214.6,2062.4,247.6,34174,34653,656.9,86.8,493.0,596.9
1941-01-01,454.4,,104.5,209.1,2020.5,233.6,34481,33833,648.1,84.2,495.2,588.0
1941-02-01,459.4,,106.8,214.9,2037.8,232.8,34843,34119,656.6,83.7,500.0,603.7
1941-03-01,464.0,,108.2,211.9,2077.3,237.2,35092,34592,668.7,85.8,487.2,609.3
1941-04-01,461.4,,109.5,215.4,2140.8,241.9,35468,35197,688.1,89.7,473.2,613.8
1941-05-01,485.5,,111.1,215.0,2178.3,252.1,36182,36062,705.3,93.2,456.3,617.9
1941-06-01,495.1,,111.3,217.4,2238.7,264.0,36650,36736,721.6,95.9,443.9,629.5
1941-07-01,507.0,,110.4,226.9,2320.6,272.4,37137,37262,733.0,96.4,445.1,632.4
1941-08-01,518.1,,112.2,239.6,2410.6,278.3,37544,37799,735.1,98.6,451.7,655.1
1941-09-01,530.4,,112.9,245.0,2417.9,276.6,37835,38354,742.9,99.5,460.8,668.0
1941-10-01,540.2,,114.8,251.6,2437.6,279.6,37949,38407,747.8,96.6,471.1,677.1
1941-11-01,541.7,,115.2,258.0,2430.7,276.1,38024,38293,748.5,95.6,492.1,675.5
1941-12-01,552.2,,117.4,264.2,2468.3,277.7,38104,38548,753.9,96.8,518.9,677.2
1942-01-01,553.9,,117.3,251.1,2438.3,263.3,38347,37706,742.7,93.2,517.7,657.1
1942-02-01,567.4,,121.6,258.3,2451.7,267.2,38512,37833,745.8,92.9,508.3,663.5
1942-03-01,587.4,,127.3,263.8,2469.9,275.7,38935,38488,754.9,93.7,505.6,668.0
1942-04-01,605.3,,130.8,274.1,2543.6,287.5,39352,39138,762.5,95.3,502.8,675.1
1942-05-01,613.1,,135.0,273.4,2584.1,301.9,39771,39686,770.7,98.5,499.7,681.7
1942-06-01,612.7,,135.4,269.6,2637.8,315.8,40029,40172,775.3,101.3,501.0,690.5
1942-07-01,613.7,,137.6,284.4,2744.1,326.9,40472,40625,775.8,101.4,502.3,703.9
1942-08-01,620.4,,143.9,294.8,2836.3,331.3,40988,41226,780.7,105.3,511.9,717.8
1942-09-01,628.5,,141.8,311.0,2862.8,332.5,41259,41663,787.1,106.7,517.1,725.0
1942-10-01,631.7,,143.0,304.7,2879.9,332.1,41515,41832,794.3,104.4,528.1,734.6
1942-11-01,630.8,,143.6,291.4,2885.3,329.9,41674,41863,796.1,105.1,541.5,746.8
1942-12-01,634.6,,145.5,294.8,2942.2,329.5,41915,42322,804.1,105.9,565.6,757.8
1943-01-01,627.4,,140.6,285.8,2908.9,309.7,42172,41578,802.8,103.3,563.8,744.9
1943-02-01,632.2,,142.3,281.2,2939.1,304.7,42393,41810,802.6,104.0,574.8,748.6
1943-03-01,636.4,,144.5,280.3,2992.5,300.2,42552,42216,805.1,104.5,583.3,757.2
1943-04-01,636.6,,146.6,277.2,3042.7,302.5,42647,42507,806.0,106.2,588.3,759.6
1943-05-01,638.0,,146.5,273.2,3062.5,304.7,42596,42542,805.2,107.4,588.1,760.1
1943-06-01,640.0,,146.0,276.8,3106.6,309.0,42781,42974,805.3,109.3,586.9,763.1
1943-07-01,641.9,,145.4,280.8,3161.8,312.1,42700,42868,801.7,109.6,583.5,765.2
1943-08-01,636.4,,144.0,286.8,3190.0,313.0,42546,42720,795.7,112.9,579.1,763.9
1943-09-01,628.1,,142.9,286.3,3163.8,311.4,42492,42753,793.8,112.6,576.9,763.5
1943-10-01,622.8,,144.1,280.9,3157.6,311.0,42675,42827,793.5,108.4,580.0,763.6
1943-11-01,623.8,,145.5,280.3,3146.3,309.8,42821,42945,791.9,106.8,590.3,764.6
1943-12-01,628.2,,147.7,278.5,3131.1,306.5,42746,43153,788.3,106.5,602.3,768.4
1944-01-01,618.5,,143.5,268.5,3083.2,292.2,42654,42135,779.9,103.7,601.6,749.7
1944-02-01,619.7,,142.3,265.1,3088.0,289.0,42538,42075,778.3,103.3,606.2,754.5
1944-03-01,618.6,,142.2,264.6,3105.6,287.1,42294,42076,774.9,102.4,605.6,753.1
1944-04-01,616.4,,142.0,263.2,3114.9,286.0,42063,41983,766.6,102.6,597.6,748.8
1944-05-01,615.6,,141.1,262.4,3097.1,286.1,41985,41951,759.6,103.6,583.0,747.1
1944-06-01,617.4,,139.8,265.4,3119.5,290.9,41947,42135,755.8,105.9,574.3,750.9
1944-07-01,621.3,,140.5,268.1,3153.7,293.0,41904,42023,751.7,104.8,561.9,755.0
1944-08-01,625.2,,139.1,273.4,3164.6,293.5,41850,41963,744.3,105.4,553.7,756.4
1944-09-01,622.9,,137.9,274.3,3138.6,293.6,41679,41855,740.3,105.1,556.8,756.6
1944-10-01,614.5,,137.3,269.5,3116.8,294.3,41708,41758,735.3,104.2,565.9,752.7
1944-11-01,611.8,,138.2,269.4,3098.0,294.7,41711,41800,731.0,102.2,582.5,755.4
1944-12-01,618.8,,143.1,271.5,3116.8,297.5,41860,42320,735.0,102.8,601.5,757.0
1945-01-01,612.9,,140.0,271.8,3067.3,286.1,41895,41444,723.5,99.8,595.3,747.4
1945-02-01,611.8,,141.8,278.7,3067.4,287.5,41897,41516,724.0,99.9,592.7,743.5
1945-03-01,605.6,,143.3,284.2,3049.4,291.4,41798,41653,728.3,101.1,590.0,742.9
1945-04-01,588.0,,142.4,279.1,3032.8,294.0,41446,41393,724.2,100.0,574.4,731.6
1945-05-01,595.3,,141.1,276.1,3017.4,299.1,41304,41249,720.4,98.7,562.1,728.9
1945-06-01,593.1,,139.8,270.8,2992.1,305.8,41149,41276,712.2,99.9,555.9,733.9
1945-07-01,585.0,,136.6,278.2,3003.2,304.4,40874,40909,698.2,97.1,542.0,736.7
1945-08-01,579.7,,135.0,283.8,3019.8,302.6,40466,40544,668.3,98.2,543.1,734.4
1945-09-01,553.8,,128.6,272.5,2885.7,291.9,38507,38680,634.2,95.4,530.6,701.0
1945-10-01,539.8,,127.5,263.4,2810.3,292.8,38600,38659,633.6,93.4,530.0,699.2
1945-11-01,540.1,,130.1,257.4,2761.3,296.9,38996,39110,641.3,93.9,549.1,700.4
1945-12-01,545.9,,131.4,260.1,2829.4,299.2,39110,39692,656.1,96.6,581.9,704.7
1946-01-01,531.4,,130.2,248.7,2787.2,290.2,39829,39413,644.6,96.3,596.5,698.6
1946-02-01,517.6,,131.4,252.3,2786.0,287.0,39244,38865,633.8,95.1,601.9,702.0
1946-03-01,551.1,,132.7,259.8,2854.1,296.5,40195,40033,657.9,98.8,600.7,707.7
1946-04-01,541.8,,132.3,261.1,2896.1,296.7,40913,40816,696.3,102.1,592.5,717.1
1946-05-01,547.4,,133.4,262.6,2929.2,306.2,41349,41211,709.8,102.5,571.3,720.2
1946-06-01,564.2,,134.2,265.6,2972.7,314.8,41735,41763,724.6,106.4,561.6,728.1
1946-07-01,571.9,,137.7,272.9,3023.8,322.9,42153,42082,727.3,106.0,556.1,738.9
1946-08-01,575.7,,138.3,284.0,3096.5,328.7,42642,42724,735.3,109.8,564.1,750.2
1946-09-01,578.9,,137.6,289.5,3107.1,332.1,42915,43176,748.7,110.8,578.5,753.1
1946-10-01,578.6,,136.5,282.9,3062.0,332.3,43093,43275,757.6,108.0,600.5,750.1
1946-11-01,588.5,,139.1,281.5,3046.0,335.0,43395,43612,765.4,107.1,632.9,757.2
1946-12-01,594.2,,143.2,284.7,3110.7,335.2,43379,44140,777.7,108.4,663.9,762.3
1947-01-01,592.6,,142.4,274.7,3018.0,325.9,43535,43108,770.3,106.7,678.7,749.8
1947-02-01,599.5,,142.5,276.5,2995.5,323.9,43557,43100,771.6,106.3,676.8,750.6
1947-03-01,605.4,,144.4,279.2,3018.9,325.3,43607,43349,771.6,107.2,672.9,754.5
1947-04-01,604.4,,144.9,277.1,3019.4,326.3,43499,43309,771.3,109.1,642.7,743.9
1947-05-01,608.9,,144.5,281.8,3052.4,329.6,43638,43392,770.1,110.8,621.2,750.0
1947-06-01,607.7,,144.9,282.5,3068.5,340.0,43810,43764,769.6,112.6,611.5,750.8
1947-07-01,602.6,,144.6,285.2,3076.3,344.2,43743,43604,766.0,110.9,593.4,751.7
1947-08-01,607.3,,144.3,297.1,3134.3,347.6,43960,44066,769.4,113.4,597.4,768.6
1947-09-01,616.9,,145.1,299.1,3141.1,349.7,44203,44591,771.9,113.6,609.5,770.4
1947-10-01,619.7,,147.6,292.7,3133.4,348.8,44411,44741,776.9,111.3,634.3,767.4
1947-11-01,624.9,,149.7,292.1,3123.3,346.3,44484,44807,780.4,112.2,661.3,774.5
1947-12-01,633.7,,154.2,296.0,3178.7,348.3,44581,45514,796.8,114.3,697.0,780.9
1948-01-01,625.4,,153.5,281.7,3097.6,338.3,44679,44224,773.8,110.8,705.8,767.6
1948-02-01,620.3,,153.4,276.6,3085.3,333.0,44533,43956,771.4,110.2,702.3,763.6
1948-03-01,628.5,,154.2,284.3,3098.3,336.0,44683,44291,776.7,112.8,693.0,772.4
1948-04-01,620.9,,154.8,289.1,3087.4,338.2,44379,44082,776.8,113.5,672.6,772.9
1948-05-01,628.9,,154.1,294.0,3123.2,343.9,44796,44471,774.7,115.1,639.9,775.3
1948-06-01,628.3,,153.6,297.6,3168.6,355.3,45034,44951,775.6,117.7,627.6,778.9
1948-07-01,626.8,,153.1,297.4,3200.0,356.0,45160,44989,771.6,116.4,612.1,774.9
1948-08-01,632.0,,152.1,301.0,3235.0,358.8,45178,45338,773.6,117.7,612.2,786.7
1948-09-01,636.0,,152.2,303.7,3269.5,361.2,45294,45796,777.3,118.5,625.9,789.8
1948-10-01,632.5,,156.4,300.6,3211.3,357.0,45245,45693,777.2,115.6,641.6,789.7
1948-11-01,632.5,,158.6,299.5,3160.8,350.1,45192,45588,776.2,113.9,665.4,788.8
1948-12-01,636.5,,161.2,305.1,3216.9,347.8,45032,46074,785.3,115.0,696.1,791.4
1949-01-01,618.0,,156.7,285.9,3048.4,327.2,44668,44159,759.4,111.7,703.0,765.9
1949-02-01,613.8,,156.4,281.1,3019.5,324.9,44497,43821,746.7,111.8,703.4,764.3
1949-03-01,611.6,,157.0,284.5,3024.5,327.5,44240,43747,735.0,112.1,700.7,764.3
1949-04-01,612.5,,156.6,286.3,3062.1,333.5,44236,43881,729.6,113.8,676.9,767.4
1949-05-01,608.9,,155.3,287.8,3074.9,336.1,43984,43636,717.7,114.5,637.8,763.3
1949-06-01,602.6,,152.8,287.7,3093.9,344.1,43739,43668,714.4,115.0,619.0,755.3
1949-07-01,596.0,,149.6,288.3,3078.3,349.6,43531,43352,707.3,113.8,603.8,754.8
1949-08-01,604.6,,148.7,291.9,3130.9,353.2,43624,43823,710.9,115.8,609.0,765.7
1949-09-01,614.1,,150.5,288.6,3158.5,355.4,43780,44335,723.0,116.2,621.8,779.3
1949-10-01,566.0,,152.1,284.8,3128.9,347.0,42942,43447,732.3,112.1,639.9,783.5
1949-11-01,585.6,,153.5,292.3,3090.3,347.8,43242,43653,733.9,111.2,664.8,782.2
1949-12-01,620.7,,156.7,295.2,3146.5,351.5,43522,44596,749.8,113.9,707.3,789.0
1950-01-01,590.9,,153.6,279.7,2985.0,334.2,43526,42976,722.5,111.6,711.1,762.6
1950-02-01,578.6,,155.5,278.4,2986.8,328.6,43297,42573,723.9,111.6,718.6,763.1
1950-03-01,598.3,,158.0,286.6,3035.1,336.7,43954,43410,729.4,113.6,717.7,770.8
1950-04-01,606.1,,159.1,290.6,3093.1,347.7,44382,44011,744.5,115.4,710.0,788.5
1950-05-01,609.5,,158.9,295.4,3129.2,347.0,44718,44377,750.6,120.0,682.3,788.6
1950-06-01,612.5,,158.5,299.3,3178.8,357.2,45083,45044,760.4,124.1,674.5,791.1
1950-07-01,616.4,,159.4,298.0,3220.1,365.3,45454,45272,761.6,123.4,662.4,804.9
1950-08-01,631.9,,161.7,305.7,3336.4,375.6,46192,46401,779.0,126.5,677.4,828.6
1950-09-01,643.7,,164.3,310.6,3382.8,381.3,46438,47005,790.9,127.9,689.1,840.0
1950-10-01,647.2,,167.3,311.1,3378.3,387.8,46706,47239,798.4,124.1,704.9,845.3
1950-11-01,645.7,,169.1,310.1,3362.2,385.0,46776,47207,806.7,126.7,730.8,840.5
1950-12-01,654.9,,174.2,314.1,3425.4,389.6,46861,47931,825.5,127.6,774.2,855.1
1951-01-01,642.1,,173.5,306.0,3318.5,369.1,47288,46686,803.5,124.1,778.5,839.2
1951-02-01,647.8,,174.9,305.1,3361.7,368.0,47577,46833,809.4,125.3,789.6,849.9
1951-03-01,657.9,,177.8,313.5,3417.8,375.5,47873,47312,814.3,126.8,790.3,863.8
1951-04-01,653.5,,178.5,316.7,3447.6,382.9,47861,47505,824.7,127.9,771.4,866.3
1951-05-01,652.6,,177.5,318.6,3473.8,388.6,47952,47624,826.8,130.3,741.1,867.4
1951-06-01,665.0,,179.5,320.8,3514.1,399.7,48064,48059,833.3,132.0,730.2,868.7
1951-07-01,661.5,,180.1,317.6,3534.5,409.2,48061,47888,826.4,130.9,713.6,868.9
1951-08-01,663.5,,180.6,322.4,3598.4,412.7,48012,48195,831.0,133.0,719.0,879.7
1951-09-01,675.3,,181.7,328.9,3625.8,413.9,47954,48486,831.8,132.4,728.8,880.6
1951-10-01,679.1,,184.7,326.8,3629.8,415.8,48006,48550,837.7,129.3,749.3,886.1
1951-11-01,667.3,,187.6,324.1,3620.9,414.6,48147,48621,843.4,129.3,779.9,892.7
1951-12-01,688.4,,191.5,326.4,3676.3,417.5,48314,49397,862.6,130.5,824.9,904.5
1952-01-01,673.6,,191.4,310.2,3537.2,401.2,48296,47659,833.9,127.7,829.5,880.0
1952-02-01,677.6,,192.2,312.1,3579.3,400.2,48522,47765,834.2,128.5,837.8,882.5
1952-03-01,679.8,,194.0,315.6,3588.2,401.4,48504,47931,836.6,128.9,838.1,887.6
1952-04-01,684.0,,195.6,317.1,3624.0,404.7,48620,48268,840.1,131.8,822.1,893.4
1952-05-01,681.3,,194.2,322.7,3671.4,411.3,48642,48319,841.0,133.5,788.7,897.4
1952-06-01,649.9,,195.7,324.3,3731.0,413.2,48282,48305,847.4,134.8,778.7,901.1
1952-07-01,648.5,,193.9,325.4,3744.1,415.9,48143,47977,835.3,132.8,763.3,897.6
1952-08-01,685.0,,194.1,327.0,3848.5,429.8,48924,49077,844.5,136.7,766.8,909.5
1952-09-01,694.6,,196.5,331.9,3854.7,431.3,49320,49829,851.3,139.5,778.5,917.4
1952-10-01,695.2,,202.3,329.9,3885.8,430.1,49597,50156,854.9,138.5,798.5,924.4
1952-11-01,697.1,,206.2,329.3,3864.0,428.5,49816,50346,866.6,138.6,828.0,927.9
1952-12-01,709.7,,212.8,332.6,3925.2,430.7,50166,51274,885.3,139.9,875.7,940.9
1953-01-01,685.5,,209.0,317.1,3781.3,414.3,50144,49470,860.1,135.9,883.1,914.7
1953-02-01,686.4,,210.0,317.5,3800.6,410.5,50339,49541,862.5,135.7,886.9,916.0
1953-03-01,688.3,,211.4,319.0,3824.3,413.1,50473,49878,867.2,137.9,880.9,919.9
1953-04-01,691.5,,210.5,319.8,3838.5,415.0,50435,50071,873.6,139.4,863.2,925.8
1953-05-01,689.3,,207.8,317.1,3871.4,420.8,50490,50182,877.7,138.2,831.3,926.2
1953-06-01,694.3,,207.1,320.1,3888.5,429.6,50519,50575,888.4,141.1,816.7,932.3
1953-07-01,687.2,,204.8,316.8,3903.4,430.9,50536,50390,882.5,140.5,800.0,932.9
1953-08-01,693.4,,201.9,317.5,3955.0,431.4,50489,50631,886.7,145.1,804.5,942.1
1953-09-01,698.8,,204.0,323.1,3966.9,428.8,50368,50867,886.7,143.3,813.4,940.2
1953-10-01,701.7,,206.4,321.6,3945.7,426.4,50240,50807,888.5,139.7,834.0,937.3
1953-11-01,697.6,,207.3,321.2,3877.9,418.8,49908,50472,889.2,137.4,867.6,933.7
1953-12-01,698.7,,210.8,324.7,3914.9,417.3,49703,50833,902.0,137.6,904.5,935.7
1954-01-01,678.1,,207.0,304.6,3772.8,399.6,49469,48766,867.4,132.8,909.2,909.2
1954-02-01,675.2,,206.3,306.6,3754.0,398.1,49382,48543,862.1,132.8,913.3,906.9
1954-03-01,675.9,,208.4,310.5,3760.4,396.2,49157,48519,856.7,133.0,907.4,909.6
1954-04-01,677.1,,209.1,310.5,3797.6,405.0,49179,48787,861.8,134.0,900.9,913.8
1954-05-01,673.5,,206.9,309.5,3828.6,411.0,48965,48679,855.8,134.7,865.2,908.4
1954-06-01,674.5,,205.6,311.2,3863.6,422.4,48895,48999,859.9,137.2,845.1,906.4
1954-07-01,669.3,,204.5,308.8,3868.9,419.2,48835,48704,852.8,135.6,832.5,901.4
1954-08-01,670.5,,205.1,309.7,3918.7,429.1,48826,48974,852.1,138.4,839.6,911.6
1954-09-01,681.4,,206.1,315.3,3954.3,428.9,48886,49391,855.9,139.0,851.8,919.5
1954-10-01,683.5,,213.1,313.3,3944.4,428.9,48942,49515,861.0,135.0,870.1,924.8
1954-11-01,684.3,,216.0,315.5,3935.9,425.9,49180,49765,861.8,134.8,905.3,927.8
1954-12-01,692.9,,221.0,321.0,3994.0,428.6,49331,50473,876.4,136.0,952.1,940.1
1955-01-01,676.8,,215.3,306.6,3855.5,412.9,49496,48764,848.8,131.1,961.1,921.6
1955-02-01,680.3,,216.4,307.9,3887.8,413.2,49644,48764,848.5,131.3,973.5,927.7
1955-03-01,690.5,,220.4,314.0,3940.1,418.7,49962,49269,855.4,133.5,980.2,938.8
1955-04-01,689.4,,224.5,316.4,3997.1,426.0,50248,49822,864.4,137.7,968.2,940.3
1955-05-01,697.2,,224.2,320.1,4029.8,433.5,50512,50254,868.7,142.2,940.9,948.0
1955-06-01,703.9,,225.5,322.3,4096.0,443.8,50790,50957,877.1,146.4,932.7,959.9
1955-07-01,704.3,,221.5,320.9,4107.7,446.8,50987,50868,868.3,145.8,919.9,955.8
1955-08-01,692.1,,222.9,322.2,4189.6,448.3,51111,51270,873.6,149.2,931.6,972.1
1955-09-01,720.1,,229.1,329.1,4229.7,450.3,51266,51791,885.2,152.1,947.5,977.0
1955-10-01,722.7,,233.3,328.9,4214.7,450.8,51429,52021,892.3,148.8,972.2,985.0
1955-11-01,724.9,,236.3,329.9,4201.9,446.7,51592,52193,898.1,150.9,1008.4,987.5
1955-12-01,732.5,,242.0,334.7,4244.8,450.7,51805,52950,917.0,154.3,1055.3,1001.0
1956-01-01,721.8,,239.4,321.5,4121.6,434.1,51975,51249,888.5,148.4,1060.2,977.2
1956-02-01,724.2,,240.4,320.8,4164.7,432.0,52167,51255,888.8,149.8,1071.2,979.8
1956-03-01,729.0,,244.2,329.0,4220.5,435.6,52294,51531,893.6,152.7,1075.5,981.8
1956-04-01,731.8,,247.5,329.1,4245.7,448.1,52375,51897,906.8,156.6,1059.7,984.4
1956-05-01,719.0,,247.5,333.2,4300.9,455.2,52506,52245,913.1,156.5,1037.5,989.5
1956-06-01,717.7,,250.7,334.3,4370.4,466.1,52586,52778,924.2,161.2,1027.3,993.5
1956-07-01,712.1,,250.3,333.1,4368.5,461.8,51955,51847,912.7,156.4,1013.2,989.9
1956-08-01,737.2,,248.6,333.2,4460.7,471.4,52631,52802,915.0,160.9,1022.1,1002.0
1956-09-01,752.9,,256.0,341.7,4484.3,471.5,52604,53165,921.9,161.5,1034.8,1002.7
1956-10-01,754.9,,259.1,342.1,4490.0,471.8,52777,53409,925.8,157.3,1063.0,1005.9
1956-11-01,755.1,,262.7,340.0,4472.3,465.9,52821,53435,928.3,157.5,1102.5,1008.3
1956-12-01,760.7,,268.1,339.4,4527.6,468.8,52929,54068,942.1,158.2,1153.6,1015.3
1957-01-01,746.1,,264.5,325.5,4392.9,455.4,52887,52168,908.8,151.5,1161.2,989.3
1957-02-01,745.9,,266.4,324.9,4406.3,453.2,53097,52146,909.1,150.8,1172.1,989.8
1957-03-01,747.9,,269.2,329.6,4438.7,456.2,53156,52336,916.2,151.7,1174.1,991.6
1957-04-01,752.5,,271.8,332.4,4487.5,462.9,53238,52713,927.7,153.4,1161.7,999.3
1957-05-01,757.2,,270.4,335.7,4516.2,470.7,53150,52896,929.4,154.2,1134.6,996.7
1957-06-01,757.5,,271.5,337.5,4576.2,482.0,53067,53298,935.9,157.7,1123.0,995.4
1957-07-01,755.6,,271.8,341.1,4562.1,490.5,53123,53041,922.3,154.7,1109.9,994.6
1957-08-01,762.2,,271.6,341.8,4621.4,494.5,53128,53326,915.2,157.5,1113.6,1002.2
1957-09-01,762.8,,275.1,347.1,4634.9,491.8,52934,53536,929.1,156.2,1129.7,1002.7
1957-10-01,758.8,,277.3,347.3,4587.9,488.6,52763,53412,924.0,154.8,1148.0,1000.7
1957-11-01,753.6,,279.9,343.6,4534.1,481.8,52558,53161,918.3,153.7,1183.0,1000.2
1957-12-01,757.9,,283.1,342.9,4544.2,478.5,52384,53479,924.0,154.2,1221.6,1006.9
1958-01-01,738.7,,279.9,333.2,4391.3,460.9,52076,51353,879.2,148.9,1212.1,978.7
1958-02-01,728.0,,278.5,331.8,4343.8,454.0,51576,50588,867.4,146.6,1206.2,971.8
1958-03-01,730.9,,278.9,333.9,4351.2,451.4,51299,50418,863.7,147.1,1194.6,975.1
1958-04-01,730.8,,282.0,334.9,4365.0,459.7,51027,50477,864.7,147.0,1179.8,973.8
1958-05-01,733.8,,283.3,339.3,4430.9,468.2,50914,50703,867.7,147.5,1157.6,970.5
1958-06-01,736.6,,283.9,343.4,4492.7,484.0,50914,51197,873.6,150.8,1147.5,983.0
1958-07-01,733.5,,283.6,344.0,4505.1,492.1,51039,51013,857.9,149.8,1138.4,980.1
1958-08-01,743.2,,283.5,346.4,4584.5,494.0,51233,51470,861.5,149.8,1148.6,995.7
1958-09-01,751.6,,291.0,354.7,4607.1,489.9,51506,52141,879.5,151.7,1169.1,1006.1
1958-10-01,757.0,,295.5,355.1,4626.4,487.0,51485,52134,882.0,147.3,1191.5,1005.2
1958-11-01,757.3,,298.1,354.5,4611.6,483.9,51944,52511,885.8,150.4,1222.8,1012.5
1958-12-01,766.7,,304.0,352.8,4673.4,485.6,52085,53103,896.4,150.2,1258.4,1016.1
1959-01-01,752.2,,301.6,342.4,4523.2,474.9,52478,51721,866.2,147.6,1262.7,996.9
1959-02-01,752.7,,302.7,343.8,4550.8,472.5,52688,51642,867.6,143.2,1274.8,1000.7
1959-03-01,760.6,,305.8,351.6,4627.7,478.2,53014,52087,872.5,149.0,1281.1,1010.3
1959-04-01,763.6,,311.9,354.8,4693.6,487.1,53321,52774,886.0,151.3,1276.0,1018.5
1959-05-01,769.4,,311.8,359.6,4735.4,496.6,53550,53384,894.4,153.3,1255.8,1025.7
1959-06-01,765.2,,307.8,361.2,4813.0,511.2,53681,54038,906.6,156.5,1246.0,1030.7
1959-07-01,772.5,,300.5,359.4,4845.9,515.9,53804,53843,900.3,157.1,1233.1,1034.2
1959-08-01,755.2,,305.5,364.4,4882.7,508.6,53336,53636,902.7,152.4,1239.9,1041.9
1959-09-01,761.8,,306.7,373.4,4906.2,504.9,53428,54082,913.2,155.2,1257.0,1048.8
1959-10-01,757.7,,312.9,370.0,4894.5,502.3,53358,53991,916.0,152.2,1281.5,1049.7
1959-11-01,776.1,,316.8,366.4,4889.0,507.6,53634,54168,918.1,150.0,1312.3,1046.5
1959-12-01,785.4,,323.6,367.7,4935.9,511.4,54174,55124,931.1,150.6,1356.4,1056.5
1960-01-01,768.6,47.3,323.7,351.2,4782.0,499.5,54274,53448,903.7,150.6,1347.9,1039.0
1960-02-01,767.9,47.8,329.9,352.9,4787.7,496.6,54513,53422,899.0,150.4,1353.8,1037.0
1960-03-01,763.8,48.9,333.3,353.7,4819.2,497.7,54454,53494,903.9,149.7,1348.4,1038.8
1960-04-01,779.4,51.6,338.4,367.3,4874.9,511.4,54813,54285,915.8,152.7,1346.4,1059.4
1960-05-01,779.5,56.9,335.9,369.1,4879.9,513.9,54475,54349,918.6,154.3,1314.8,1055.9
1960-06-01,781.7,63.9,332.9,372.3,4924.9,528.0,54348,54768,926.8,157.8,1295.4,1055.7
1960-07-01,776.1,66.6,329.8,369.2,4914.7,535.4,54306,54412,909.6,158.1,1271.8,1047.5
1960-08-01,780.0,66.7,329.6,373.3,4960.7,537.3,54272,54610,918.4,157.7,1273.1,1058.5
1960-09-01,785.3,62.4,335.4,380.1,4974.6,536.7,54227,54906,921.1,156.6,1282.9,1058.1
1960-10-01,778.5,59.0,336.7,379.2,4960.8,535.9,54142,54779,922.1,153.1,1303.0,1054.8
1960-11-01,775.4,54.7,337.4,374.1,4920.0,530.0,53961,54478,921.6,152.9,1332.8,1050.9
1960-12-01,780.0,52.4,343.1,369.2,4952.2,529.2,53742,54601,923.9,153.3,1376.9,1057.2
1961-01-01,758.3,50.2,340.0,357.8,4811.5,517.0,53683,52780,894.3,146.4,1360.7,1032.3
1961-02-01,755.8,50.5,340.8,360.2,4810.1,515.4,53557,52414,890.6,144.7,1362.5,1029.7
1961-03-01,759.3,50.7,343.0,366.7,4850.2,519.1,53659,52694,897.5,146.9,1356.0,1034.1
1961-04-01,764.6,52.4,347.1,369.5,4893.5,526.9,53627,53135,908.1,147.9,1338.9,1038.6
1961-05-01,770.9,57.5,346.6,375.7,4933.7,536.7,53786,53690,913.8,150.4,1320.0,1044.3
1961-06-01,774.9,63.0,344.2,378.9,5006.9,555.1,53977,54455,929.8,155.2,1306.3,1049.0
1961-07-01,773.6,64.3,343.0,380.4,5033.1,559.4,54123,54288,926.2,155.0,1279.9,1047.3
1961-08-01,782.7,64.8,343.3,385.6,5090.8,563.0,54298,54662,931.8,153.0,1286.3,1058.0
1961-09-01,789.9,62.2,350.7,392.5,5122.2,560.6,54388,55074,936.9,155.5,1308.1,1065.2
1961-10-01,788.5,58.6,352.1,392.7,5120.8,556.6,54522,55160,941.5,156.9,1329.9,1066.1
1961-11-01,786.8,56.1,355.3,390.0,5124.9,551.7,54742,55243,945.3,156.6,1359.5,1069.5
1961-12-01,789.3,53.6,358.8,386.1,5155.8,552.8,54872,55665,956.0,155.4,1398.6,1074.4
1962-01-01,768.7,51.4,355.9,371.9,5026.6,536.4,54891,53922,925.6,147.3,1388.9,1052.2
1962-02-01,776.3,51.6,356.0,379.6,5000.0,538.8,55188,54022,921.7,148.1,1400.9,1061.6
1962-03-01,781.4,52.5,360.4,387.3,5068.9,540.1,55275,54297,930.1,149.9,1406.2,1067.3
1962-04-01,791.0,54.3,366.8,393.9,5153.0,549.7,55602,55139,944.1,155.6,1396.7,1078.3
1962-05-01,796.8,58.8,368.1,402.2,5177.5,555.9,55628,55559,949.5,156.3,1378.4,1085.4
1962-06-01,795.5,64.3,364.1,406.2,5221.7,566.0,55644,56157,956.2,159.7,1372.0,1095.5
1962-07-01,788.0,67.5,361.2,403.8,5255.2,569.5,55746,55946,950.9,159.5,1335.6,1095.7
1962-08-01,794.5,68.1,358.8,408.5,5322.7,569.1,55838,56193,957.4,158.3,1341.7,1107.9
1962-09-01,804.9,64.3,366.3,413.6,5360.7,570.5,55978,56667,962.2,161.4,1361.4,1111.9
1962-10-01,801.3,61.4,369.7,411.9,5335.3,568.5,56041,56688,962.1,159.9,1393.8,1116.0
1962-11-01,799.8,57.4,372.3,409.9,5316.1,562.2,56056,56540,965.9,160.2,1419.5,1117.6
1962-12-01,803.7,55.3,377.9,407.7,5374.4,563.8,56028,56775,972.2,160.4,1458.2,1122.9
1963-01-01,784.2,53.5,371.6,393.4,5231.9,548.7,56115,55108,946.3,154.6,1440.2,1103.8
1963-02-01,787.3,54.1,372.7,394.8,5221.9,547.4,56230,55054,943.0,155.3,1445.8,1105.0
1963-03-01,794.4,55.6,376.1,401.0,5285.5,550.4,56320,55356,948.4,158.4,1454.8,1113.9
1963-04-01,808.4,57.5,378.8,409.4,5317.3,562.9,56580,56152,965.2,161.5,1446.6,1132.9
1963-05-01,811.1,62.3,376.9,415.5,5365.6,570.3,56616,56572,969.8,164.8,1424.4,1133.9
1963-06-01,815.0,67.6,375.1,418.3,5443.0,579.2,56659,57206,982.2,167.3,1421.0,1138.7
1963-07-01,814.9,71.3,371.6,421.9,5447.2,578.5,56794,57013,973.6,167.7,1397.5,1141.0
1963-08-01,819.9,72.1,370.5,428.6,5496.4,584.6,56910,57232,959.2,167.2,1408.1,1150.4
1963-09-01,827.3,68.2,377.6,432.9,5534.4,586.2,57078,57735,984.7,166.4,1437.5,1158.5
1963-10-01,827.8,64.1,381.0,430.4,5532.2,587.5,57283,57907,983.3,166.9,1462.8,1160.0
1963-11-01,826.4,60.6,385.5,424.5,5504.5,582.7,57255,57721,983.4,167.1,1494.7,1165.4
1963-12-01,833.2,58.4,390.6,424.8,5567.3,582.7,57361,58109,992.6,166.4,1534.6,1171.3
1964-01-01,815.2,56.0,384.5,410.0,5427.5,569.3,57487,56460,962.6,161.4,1526.1,1149.0
1964-02-01,817.6,56.2,385.0,414.5,5445.6,565.0,57753,56601,965.4,161.6,1534.0,1155.2
1964-03-01,826.7,56.8,386.2,420.7,5488.6,562.7,57897,56964,971.7,163.6,1534.9,1164.8
1964-04-01,834.6,60.1,389.2,426.3,5538.3,572.1,57922,57528,981.5,166.1,1523.1,1171.7
1964-05-01,841.0,65.1,390.0,430.7,5575.3,579.5,58089,58048,988.2,169.8,1504.2,1178.9
1964-06-01,848.9,69.3,388.9,436.9,5638.9,590.6,58219,58805,998.9,174.4,1500.2,1186.5
1964-07-01,844.0,74.8,383.9,434.3,5637.4,595.8,58412,58632,993.0,175.2,1471.4,1191.5
1964-08-01,847.3,75.3,382.1,438.9,5687.2,594.8,58619,58900,990.9,175.0,1483.2,1195.5
1964-09-01,861.2,72.5,390.3,445.4,5726.8,595.5,58903,59497,1004.4,176.0,1506.9,1205.7
1964-10-01,860.4,70.1,393.8,445.0,5705.1,595.0,58793,59380,1006.1,171.7,1538.4,1202.3
1964-11-01,859.6,65.7,396.6,441.2,5665.7,588.9,59218,59677,1010.6,176.6,1573.4,1215.0
1964-12-01,869.5,62.8,400.7,437.8,5741.5,589.3,59421,60198,1021.4,178.0,1622.1,1225.0
1965-01-01,854.9,60.0,393.2,428.6,5582.4,574.3,59582,58561,995.3,172.8,1617.5,1208.6
1965-02-01,858.4,60.5,393.5,430.8,5609.0,567.4,59800,58676,995.7,173.2,1631.1,1213.5
1965-03-01,864.7,62.0,396.2,436.6,5662.4,570.7,60003,59119,1005.8,176.0,1633.3,1223.7
1965-04-01,878.7,65.6,400.3,444.8,5678.5,581.6,60259,59891,1021.0,180.7,1618.8,1240.2
1965-05-01,887.1,71.2,400.3,452.1,5750.6,588.7,60491,60442,1031.9,184.8,1598.7,1244.1
1965-06-01,896.4,77.3,401.2,465.2,5824.1,604.1,60690,61319,1047.7,188.4,1585.8,1255.7
1965-07-01,888.9,80.9,398.9,472.7,5813.4,614.8,60965,61167,1026.8,187.3,1565.5,1260.1
1965-08-01,894.1,81.5,399.4,480.1,5880.9,619.0,61228,61455,1023.9,186.8,1572.6,1270.6
1965-09-01,900.5,76.8,402.6,473.2,5930.4,615.3,61490,62006,1048.0,188.2,1595.3,1279.7
1965-10-01,899.4,73.4,413.4,473.3,5933.7,615.1,61719,62245,1054.8,188.6,1628.9,1286.1
1965-11-01,902.4,69.6,419.2,472.8,5929.2,616.2,61996,62465,1064.2,190.4,1666.8,1294.1
1965-12-01,912.3,67.6,425.7,475.0,6008.7,620.6,62322,63141,1080.2,191.6,1715.2,1309.8
1966-01-01,898.2,64.3,422.6,465.6,5867.1,602.4,62529,61529,1055.0,185.5,1708.3,1289.1
1966-02-01,901.2,64.7,424.4,467.5,5906.9,599.7,62796,61707,1057.8,184.4,1722.8,1292.1
1966-03-01,914.8,65.0,428.2,476.3,5987.4,608.8,63192,62354,1068.6,188.5,1737.7,1305.3
1966-04-01,930.8,67.2,434.6,483.7,6069.8,617.9,63437,63096,1082.4,190.6,1723.9,1327.1
1966-05-01,935.0,72.4,434.0,487.2,6113.1,624.0,63712,63645,1088.4,194.9,1710.3,1329.9
1966-06-01,947.6,79.3,432.1,500.6,6211.9,644.4,64111,64784,1109.5,198.9,1711.0,1347.9
1966-07-01,947.7,84.3,433.8,500.5,6204.9,644.4,64301,64470,1097.5,196.1,1678.1,1347.0
1966-08-01,950.6,84.1,434.4,503.9,6245.6,647.9,64507,64678,1100.1,194.4,1679.1,1346.8
1966-09-01,950.2,78.9,438.8,502.0,6285.7,648.5,64643,65082,1109.0,196.8,1717.2,1356.5
1966-10-01,947.7,75.2,441.7,499.1,6276.8,647.1,64854,65337,1115.6,195.7,1736.5,1364.0
1966-11-01,946.5,72.2,444.7,496.4,6256.7,643.6,65019,65508,1122.8,195.4,1773.6,1368.3
1966-12-01,956.7,69.9,448.5,494.6,6316.9,646.8,65199,66051,1138.5,197.0,1822.6,1381.1
1967-01-01,934.2,66.8,439.7,482.5,6156.5,630.0,65407,64439,1113.1,190.0,1814.1,1356.9
1967-02-01,933.5,67.1,439.1,486.0,6169.1,630.4,65429,64377,1105.7,189.3,1822.7,1362.4
1967-03-01,938.7,68.8,443.1,491.5,6235.0,633.6,65530,64741,1110.4,192.2,1831.2,1373.5
1967-04-01,946.9,71.5,445.1,496.9,6235.9,643.5,65466,65144,1124.1,194.5,1818.3,1380.5
1967-05-01,949.9,76.7,447.8,500.4,6296.7,649.5,65620,65540,1126.5,196.9,1801.7,1384.0
1967-06-01,957.6,83.9,446.8,506.3,6399.1,669.1,65750,66451,1137.7,203.1,1792.8,1403.5
1967-07-01,953.7,86.8,449.3,502.4,6387.4,666.1,65888,66015,1123.9,199.3,1762.0,1405.3
1967-08-01,958.5,86.9,438.0,509.1,6441.7,669.7,66143,66262,1133.2,200.5,1771.1,1407.5
1967-09-01,963.9,84.6,444.6,512.9,6502.8,669.3,66164,66549,1140.4,201.3,1795.6,1411.5
1967-10-01,957.2,79.1,445.3,509.4,6499.3,668.5,66225,66684,1143.6,199.8,1818.8,1406.9
1967-11-01,961.1,75.6,450.2,506.7,6516.4,666.8,66703,67210,1144.2,200.3,1858.4,1417.2
1967-12-01,966.9,73.9,457.1,508.3,6571.6,674.0,66900,67758,1158.2,201.4,1910.0,1428.0
1968-01-01,944.3,69.6,451.8,490.6,6420.7,659.0,66804,65853,1124.8,194.9,1902.4,1399.2
1968-02-01,950.3,70.3,452.9,497.2,6438.1,660.1,67215,66203,1132.8,195.9,1917.1,1411.9
1968-03-01,957.7,72.2,457.1,501.0,6491.7,665.6,67295,66553,1139.0,197.6,1923.1,1417.1
1968-04-01,965.6,74.5,467.9,506.0,6537.1,673.9,67556,67260,1155.6,200.6,1922.6,1433.0
1968-05-01,969.6,78.7,469.0,509.2,6582.4,680.2,67652,67581,1160.5,203.2,1907.8,1440.1
1968-06-01,974.1,84.8,471.6,520.7,6676.3,694.8,67905,68617,1181.5,208.4,1913.9,1460.7
1968-07-01,973.3,91.4,477.1,522.5,6676.6,692.3,68126,68199,1159.6,206.2,1882.8,1467.9
1968-08-01,980.1,92.1,478.1,528.7,6737.6,695.3,68330,68397,1151.8,203.9,1896.7,1476.4
1968-09-01,981.8,87.3,480.1,526.2,6765.0,696.9,68484,68826,1162.8,205.8,1922.8,1480.4
1968-10-01,978.8,82.6,485.5,524.9,6765.9,703.7,68721,69187,1171.2,204.4,1950.0,1483.0
1968-11-01,978.3,78.9,491.4,523.5,6774.5,708.3,68984,69509,1173.5,205.9,1996.6,1492.4
1968-12-01,986.8,76.7,498.3,525.0,6839.5,709.9,69248,70085,1182.9,207.8,2052.1,1506.0
1969-01-01,970.0,74.4,494.8,515.3,6701.8,694.9,69439,68494,1160.5,203.6,2051.3,1481.4
1969-02-01,973.7,74.9,498.7,517.2,6707.7,693.6,69699,68712,1160.0,200.3,2064.9,1489.2
1969-03-01,979.3,76.8,502.6,523.3,6773.0,696.2,69905,69208,1175.1,208.0,2076.3,1498.4
1969-04-01,992.3,82.0,509.1,528.1,6850.9,708.3,70072,69799,1193.2,205.9,2065.8,1516.0
1969-05-01,1001.2,87.4,510.4,534.3,6909.7,713.7,70328,70285,1200.9,211.2,2059.8,1518.1
1969-06-01,1011.6,94.4,514.7,543.6,6995.3,733.7,70636,71363,1214.9,217.1,2060.3,1540.9
1969-07-01,1008.0,98.4,518.5,544.9,6997.4,729.9,70729,70746,1199.5,211.5,2007.2,1546.7
1969-08-01,1010.2,98.3,519.5,548.0,7023.5,730.9,71008,71024,1176.3,217.6,2016.9,1558.7
1969-09-01,1013.0,94.4,522.7,544.2,7054.9,733.0,70914,71235,1208.8,218.3,2056.4,1549.1
1969-10-01,1011.0,90.2,532.0,538.6,7046.0,734.2,71121,71601,1206.7,214.9,2086.3,1553.0
1969-11-01,1013.0,86.3,537.5,533.4,7031.7,737.2,71086,71630,1212.1,216.2,2121.6,1560.1
1969-12-01,1018.7,84.6,545.5,534.6,7085.7,743.4,71241,72041,1220.8,217.7,2171.8,1568.8
1970-01-01,995.0,82.3,539.2,522.4,6900.0,726.2,71176,70229,1193.3,211.4,2172.8,1538.9
1970-02-01,997.6,83.3,543.4,524.6,6902.4,727.9,71305,70332,1191.9,208.1,2182.2,1537.4
1970-03-01,999.1,85.9,545.8,526.2,6949.6,732.6,71451,70786,1196.5,215.1,2188.0,1546.3
1970-04-01,1013.0,88.5,551.1,534.8,6950.9,735.1,71348,71105,1207.8,215.4,2176.7,1553.0
1970-05-01,1012.9,93.9,549.9,537.6,6967.0,741.7,71124,71123,1209.8,219.5,2153.9,1558.0
1970-06-01,1019.4,101.9,542.9,543.6,7033.2,758.4,71029,71766,1222.9,224.8,2144.7,1564.8
1970-07-01,1019.2,104.9,538.6,542.8,6967.0,755.5,71053,71000,1196.6,219.4,2089.4,1558.4
1970-08-01,1017.1,104.6,539.9,545.4,6962.2,757.5,70937,70900,1185.2,217.1,2086.1,1560.9
1970-09-01,1015.3,99.4,545.9,544.2,6982.9,761.5,70944,71257,1201.0,217.9,2119.7,1565.2
1970-10-01,1010.5,93.9,553.7,540.7,6924.1,766.9,70521,71022,1188.2,214.9,2134.4,1559.6
1970-11-01,1009.3,89.9,556.9,535.0,6894.4,768.9,70409,70983,1186.9,215.8,2165.8,1566.1
1970-12-01,1016.9,88.2,561.5,536.8,6920.3,770.7,70792,71564,1189.7,221.8,2211.4,1581.9
1971-01-01,995.1,86.4,556.4,524.4,6751.4,755.4,70865,69922,1157.3,214.6,2208.3,1549.3
1971-02-01,998.3,86.6,560.5,527.9,6764.0,759.5,70807,69844,1147.7,214.7,2227.7,1552.4
1971-03-01,1004.2,87.7,565.7,534.2,6802.5,761.2,70860,70209,1155.1,217.9,2250.7,1563.7
1971-04-01,1015.8,91.0,573.1,542.6,6841.3,773.6,71036,70795,1165.9,221.9,2254.6,1584.4
1971-05-01,1020.4,96.4,575.9,548.4,6871.8,779.6,71247,71287,1169.7,224.1,2249.2,1590.7
1971-06-01,1029.2,103.4,577.8,558.7,6958.4,793.2,71254,72006,1180.4,228.3,2256.5,1609.2
1971-07-01,1028.0,109.6,573.2,562.7,6946.0,792.7,71315,71194,1161.2,225.5,2229.2,1607.2
1971-08-01,1026.9,109.0,578.2,561.5,6964.2,794.0,71373,71298,1151.1,226.0,2240.4,1617.4
1971-09-01,1035.4,106.3,589.0,562.6,7021.1,797.8,71614,71931,1167.6,230.3,2292.5,1630.1
1971-10-01,1032.7,102.1,601.3,563.4,6996.4,810.4,71642,72180,1167.6,229.8,2318.7,1632.4
1971-11-01,1033.9,98.9,608.2,562.1,7017.9,811.6,71847,72479,1171.6,231.6,2363.9,1640.9
1971-12-01,1043.2,96.0,616.0,563.2,7069.3,816.0,72109,72880,1176.5,233.5,2423.4,1656.7
1972-01-01,1033.0,91.1,611.5,558.5,6975.0,814.8,72441,71481,1157.8,229.6,2419.6,1628.1
1972-02-01,1037.1,91.7,619.7,562.4,7004.1,819.4,72648,71668,1156.1,224.5,2442.5,1634.2
1972-03-01,1050.0,93.2,629.5,569.6,7105.9,827.9,72944,72261,1164.9,230.9,2478.9,1648.0
1972-04-01,1059.2,96.9,637.3,574.0,7123.7,842.4,73162,72894,1179.7,231.0,2492.7,1670.8
1972-05-01,1067.3,102.2,641.5,576.4,7172.6,850.9,73469,73525,1190.1,232.6,2491.1,1679.3
1972-06-01,1079.6,108.7,645.8,590.2,7281.4,874.5,73758,74507,1205.6,234.8,2503.9,1707.5
1972-07-01,1076.6,115.5,642.3,592.5,7233.3,882.6,73709,73502,1187.0,233.3,2449.5,1702.4
1972-08-01,1080.2,115.7,646.5,595.4,7288.7,894.9,74141,74054,1187.4,234.1,2466.3,1719.4
1972-09-01,1088.9,110.7,659.4,591.1,7330.3,899.4,74264,74612,1206.5,231.6,2518.9,1730.7
1972-10-01,1092.3,107.5,665.4,592.0,7295.7,904.9,74674,75290,1207.7,234.6,2579.6,1729.2
1972-11-01,1097.5,105.5,674.1,588.6,7308.2,909.5,74973,75704,1216.5,235.6,2626.3,1737.6
1972-12-01,1106.0,103.1,681.9,587.5,7400.2,911.3,75268,76078,1225.5,236.1,2688.2,1755.5
1973-01-01,1091.9,98.6,677.6,580.4,7350.4,896.3,75617,74613,1202.8,235.1,2690.0,1739.4
1973-02-01,1099.3,98.9,686.6,591.1,7372.7,903.2,76014,74989,1203.7,236.9,2721.7,1747.8
1973-03-01,1107.6,101.3,692.2,600.3,7458.0,914.0,76284,75544,1212.1,240.9,2762.2,1769.9
1973-04-01,1122.2,104.5,705.3,607.0,7524.0,918.5,76455,76132,1233.1,240.7,2760.0,1784.1
1973-05-01,1132.3,109.4,710.3,611.2,7603.9,931.6,76648,76712,1240.5,241.1,2765.9,1792.0
1973-06-01,1146.1,114.0,712.1,622.4,7709.2,958.5,76887,77630,1260.6,243.6,2785.5,1819.1
1973-07-01,1149.3,120.4,710.7,622.7,7674.1,944.4,76913,76691,1234.0,239.5,2745.5,1804.4
1973-08-01,1156.8,122.6,716.5,628.7,7729.1,953.6,77168,77095,1236.6,237.1,2765.8,1818.3
1973-09-01,1150.5,118.8,727.9,625.1,7766.2,951.2,77276,77682,1250.0,238.0,2788.0,1821.4
1973-10-01,1151.6,114.0,739.3,629.4,7748.0,951.5,77607,78306,1256.8,238.7,2813.6,1834.3
1973-11-01,1157.6,109.7,744.8,626.6,7764.4,955.0,77920,78707,1264.1,241.0,2856.3,1841.5
1973-12-01,1160.8,107.1,749.3,629.3,7763.1,953.7,78031,78839,1270.5,240.0,2888.4,1857.8
1974-01-01,1136.0,102.6,733.7,618.8,7618.5,927.0,78100,77045,1240.3,228.6,2854.8,1810.2
1974-02-01,1142.3,104.7,738.4,623.7,7662.7,932.8,78254,77163,1239.3,229.8,2870.4,1811.8
1974-03-01,1151.2,108.5,741.7,631.6,7707.5,945.4,78296,77485,1247.7,231.4,2890.6,1816.9
1974-04-01,1161.9,117.8,748.7,637.2,7777.3,954.0,78382,78035,1264.6,233.8,2901.0,1832.8
1974-05-01,1170.8,126.5,754.0,644.3,7866.6,964.7,78549,78637,1276.2,232.9,2900.1,1841.0
1974-06-01,1190.0,133.5,750.4,654.6,7951.4,985.1,78604,79336,1287.9,235.3,2896.5,1856.5
1974-07-01,1183.6,139.7,745.6,652.5,7829.6,967.9,78636,78438,1262.4,237.6,2846.6,1831.4
1974-08-01,1191.5,144.7,745.1,655.5,7921.7,974.3,78619,78584,1259.2,232.4,2836.6,1842.8
1974-09-01,1185.5,144.0,751.6,651.2,7946.8,968.9,78610,79084,1274.5,235.2,2850.4,1844.4
1974-10-01,1181.3,139.8,751.7,650.5,7934.7,968.9,78630,79381,1275.7,236.0,2837.0,1827.3
1974-11-01,1175.1,136.9,746.1,639.0,7909.0,967.0,78265,79060,1272.5,233.1,2837.4,1815.0
1974-12-01,1168.6,135.3,743.6,629.0,7885.4,959.9,77652,78419,1267.8,231.1,2844.5,1799.4
1975-01-01,1136.9,130.3,722.9,609.5,7672.5,941.3,77293,76189,1227.9,229.4,2803.3,1727.1
1975-02-01,1128.6,136.0,719.6,608.8,7643.9,936.8,76918,75764,1210.8,221.8,2794.2,1705.4
1975-03-01,1119.4,143.0,720.5,603.3,7681.7,938.4,76648,75808,1211.5,226.0,2798.2,1705.8
1975-04-01,1127.9,155.0,722.1,610.5,7719.1,950.3,76460,76142,1221.6,226.6,2782.6,1729.3
1975-05-01,1139.1,161.9,723.3,619.1,7803.2,955.6,76624,76774,1227.8,228.7,2769.7,1740.5
1975-06-01,1152.2,169.1,715.8,625.2,7882.4,975.2,76521,77270,1237.1,231.6,2755.4,1753.6
1975-07-01,1174.7,173.9,721.1,619.2,7809.8,962.2,76770,76592,1212.8,230.2,2680.3,1742.1
1975-08-01,1177.8,182.0,724.8,626.9,7874.6,975.5,77153,77120,1209.3,232.8,2680.6,1764.5
1975-09-01,1170.9,181.2,736.5,640.1,7954.9,976.9,77228,77726,1220.3,232.1,2699.0,1789.2
1975-10-01,1176.4,177.2,744.4,644.4,8032.9,981.8,77540,78283,1229.9,232.6,2701.6,1795.9
1975-11-01,1176.6,169.5,745.8,639.3,8021.6,981.5,77685,78437,1230.1,234.4,2725.2,1800.3
1975-12-01,1184.8,163.4,751.2,639.5,8070.3,986.7,78017,78726,1241.7,232.8,2766.1,1814.3
1976-01-01,1170.7,149.9,736.5,635.6,7920.5,970.3,78503,77376,1212.1,231.7,2765.5,1774.8
1976-02-01,1179.3,155.7,742.6,641.0,7923.7,975.8,78816,77605,1206.5,233.1,2782.7,1788.9
1976-03-01,1181.7,162.7,749.9,647.5,7992.2,981.5,79048,78214,1216.8,235.2,2808.9,1803.9
1976-04-01,1200.7,169.1,758.1,657.7,8069.9,996.2,79292,79042,1229.7,236.7,2798.0,1830.0
1976-05-01,1200.5,177.5,761.7,664.8,8123.6,998.6,79312,79534,1241.8,236.6,2784.2,1840.1
1976-06-01,1208.0,184.4,756.1,666.2,8196.5,1016.5,79376,80164,1255.8,241.4,2775.8,1852.3
1976-07-01,1220.7,190.2,746.7,660.0,8172.0,1008.4,79547,79393,1233.4,238.7,2738.9,1844.8
1976-08-01,1215.8,194.1,747.2,661.8,8197.7,1011.6,79704,79659,1231.7,236.8,2741.6,1855.9
1976-09-01,1222.2,189.2,764.4,673.6,8275.5,1016.7,79892,80362,1256.8,238.0,2766.3,1873.0
1976-10-01,1224.7,171.2,775.4,674.9,8277.7,1019.8,79911,80593,1256.7,237.0,2777.6,1862.8
1976-11-01,1228.4,162.3,779.7,667.6,8315.8,1019.4,80240,80953,1262.4,237.6,2811.9,1866.4
1976-12-01,1231.5,154.2,787.0,668.4,8385.2,1026.5,80448,81129,1272.2,238.0,2860.4,1877.3
1977-01-01,1209.4,151.2,770.3,651.4,8240.7,1006.4,80690,79540,1241.4,229.1,2844.7,1845.3
1977-02-01,1211.9,153.8,783.3,666.8,8275.9,1014.0,80988,79747,1240.4,223.9,2875.0,1850.0
1977-03-01,1233.6,157.5,792.3,677.2,8369.2,1019.1,81391,80604,1251.3,232.3,2912.1,1877.7
1977-04-01,1257.0,162.5,804.3,688.8,8466.0,1038.3,81728,81539,1275.2,238.1,2921.8,1909.2
1977-05-01,1267.3,167.2,807.4,696.5,8536.5,1047.3,82088,82376,1286.8,240.5,2912.6,1920.6
1977-06-01,1284.5,173.3,796.0,705.4,8627.4,1065.5,82488,83338,1301.9,243.0,2917.1,1938.4
1977-07-01,1289.7,171.0,789.9,700.4,8566.7,1063.0,82834,82677,1271.8,241.3,2901.1,1932.6
1977-08-01,1292.4,171.4,803.0,706.1,8628.7,1071.5,83075,82971,1275.1,241.3,2912.9,1944.3
1977-09-01,1293.9,171.3,822.9,713.7,8765.1,1080.1,83532,83922,1297.7,245.9,2944.9,1969.1
1977-10-01,1295.1,165.3,838.2,714.2,8815.5,1089.8,83800,84423,1307.9,242.2,2966.8,1969.1
1977-11-01,1299.6,159.6,847.7,714.3,8908.7,1096.5,84173,84868,1315.9,243.7,3018.1,1970.6
1977-12-01,1295.5,156.0,857.2,711.6,8995.6,1105.1,84410,85105,1321.8,244.8,3073.8,1991.4
1978-01-01,1276.3,151.9,846.2,696.6,8841.6,1094.9,84594,83442,1292.9,239.1,3077.5,1958.7
1978-02-01,1282.9,153.4,857.9,701.8,8896.0,1099.9,84948,83738,1288.3,235.7,3125.2,1969.3
1978-03-01,1295.4,155.9,869.5,715.9,9022.5,1115.9,85460,84732,1305.5,239.8,3173.5,1994.1
1978-04-01,1324.9,159.6,886.5,734.0,9091.1,1128.6,86162,86037,1337.8,245.5,3163.0,2034.5
1978-05-01,1332.9,165.3,890.0,739.8,9201.9,1135.7,86509,86842,1352.2,248.9,3162.4,2046.4
1978-06-01,1355.3,170.8,885.3,741.8,9307.7,1163.4,86950,87830,1374.4,253.1,3190.9,2069.1
1978-07-01,1360.0,169.5,886.6,732.5,9160.2,1160.6,87204,87002,1341.2,251.1,3134.2,2056.5
1978-08-01,1363.1,173.9,891.9,741.4,9205.6,1166.3,87483,87305,1344.1,249.5,3152.6,2069.0
1978-09-01,1358.1,173.8,910.4,754.6,9345.4,1170.7,87621,87932,1369.6,254.1,3181.9,2091.4
1978-10-01,1359.5,167.1,930.3,748.3,9368.4,1180.9,87956,88549,1372.9,253.1,3218.1,2090.5
1978-11-01,1363.2,162.1,940.2,743.3,9444.7,1187.0,88391,89099,1381.5,249.6,3265.9,2103.4
1978-12-01,1366.2,158.3,950.0,742.3,9512.6,1195.4,88671,89408,1392.6,254.6,3321.9,2118.2
1979-01-01,1339.8,154.0,936.7,720.6,9381.1,1171.2,88808,87650,1364.1,247.5,3307.1,2075.4
1979-02-01,1339.9,154.6,956.3,726.5,9411.8,1178.4,89055,87889,1362.7,246.9,3327.1,2080.6
1979-03-01,1349.0,158.4,969.4,742.2,9522.0,1192.2,89479,88792,1378.0,250.1,3375.9,2102.4
1979-04-01,1358.7,162.4,979.3,749.7,9532.7,1198.4,89417,89313,1390.2,254.2,3375.7,2118.7
1979-05-01,1362.7,169.1,982.8,757.9,9620.3,1209.1,89789,90126,1400.6,258.2,3369.0,2130.7
1979-06-01,1367.1,174.4,971.0,756.3,9703.2,1230.5,90108,90971,1416.7,260.8,3385.7,2146.3
1979-07-01,1362.0,178.8,960.8,747.0,9651.7,1227.2,90217,89976,1388.2,260.4,3316.6,2109.5
1979-08-01,1364.9,179.8,963.7,753.5,9692.0,1236.5,90300,90072,1388.1,258.2,3335.5,2123.8
1979-09-01,1368.8,176.6,983.8,762.8,9797.8,1237.9,90327,90616,1408.1,261.3,3376.0,2146.9
1979-10-01,1376.2,170.1,1008.4,762.6,9828.2,1243.3,90481,91089,1416.2,261.4,3421.4,2154.8
1979-11-01,1375.6,164.5,1020.8,758.9,9895.9,1243.8,90573,91287,1427.2,258.4,3470.2,2168.1
1979-12-01,1378.9,160.5,1027.5,755.8,9951.2,1247.0,90672,91415,1436.0,262.9,3514.4,2172.7
1980-01-01,1357.3,153.5,999.3,736.9,9724.9,1224.1,90800,89631,1412.8,251.0,3515.7,2126.5
1980-02-01,1360.0,156.2,1011.6,738.3,9791.5,1232.1,90883,89764,1409.8,253.8,3563.1,2131.7
1980-03-01,1361.8,159.3,1017.7,746.5,9850.8,1239.8,90994,90324,1421.7,256.4,3590.0,2147.8
1980-04-01,1367.7,166.6,1026.7,747.6,9839.3,1244.3,90849,90747,1427.4,255.6,3574.9,2156.4
1980-05-01,1364.2,172.9,1023.4,747.9,9854.9,1243.9,90420,90763,1436.3,262.9,3567.3,2158.7
1980-06-01,1356.1,176.3,1002.9,739.0,9871.0,1258.8,90101,90922,1440.1,262.3,3564.7,2153.9
1980-07-01,1340.6,181.1,981.5,729.9,9726.3,1248.9,89840,89582,1412.3,259.7,3513.4,2131.6
1980-08-01,1343.7,182.6,983.1,734.1,9756.5,1251.2,90099,89865,1400.4,261.0,3524.1,2150.7
1980-09-01,1346.4,178.2,1005.9,747.9,9872.1,1254.8,90213,90530,1431.5,260.1,3560.9,2177.0
1980-10-01,1354.9,174.0,1026.0,749.4,9939.8,1269.0,90490,91128,1437.5,261.9,3604.6,2181.3
1980-11-01,1357.5,168.5,1039.8,745.2,9970.0,1269.5,90747,91475,1441.2,262.5,3639.5,2190.9
1980-12-01,1363.5,163.9,1049.7,745.2,10042.3,1277.0,90943,91661,1451.2,263.3,3695.6,2205.7
1981-01-01,1343.0,162.6,1025.5,731.8,9862.5,1258.5,91033,89837,1415.7,252.0,3676.5,2172.4
1981-02-01,1341.9,166.0,1039.5,732.6,9864.9,1263.0,91105,89985,1413.7,249.0,3719.4,2163.6
1981-03-01,1350.4,171.1,1046.6,738.4,9923.2,1271.5,91210,90520,1423.2,255.0,3757.1,2186.2
1981-04-01,1345.9,180.1,1049.4,745.1,9982.4,1278.5,91283,91157,1436.4,259.3,3760.9,2204.4
1981-05-01,1347.8,185.4,1047.8,749.2,10031.6,1276.9,91296,91647,1446.7,260.1,3754.2,2206.8
1981-06-01,1349.5,191.6,1031.5,740.9,10095.2,1296.3,91490,92296,1451.4,264.9,3758.9,2214.3
1981-07-01,1356.5,204.2,1023.7,734.4,9978.6,1300.9,91601,91371,1435.7,265.2,3687.9,2189.0
1981-08-01,1348.4,203.2,1022.1,738.8,9973.4,1307.4,91565,91378,1425.8,261.9,3674.1,2202.7
1981-09-01,1355.0,200.5,1042.7,748.6,10051.5,1316.8,91477,91876,1449.2,262.2,3725.7,2216.9
1981-10-01,1347.5,194.7,1049.9,747.2,10063.0,1321.2,91380,92054,1451.8,261.6,3746.5,2212.0
1981-11-01,1342.5,188.8,1052.4,739.0,10030.2,1322.3,91171,91888,1453.2,257.4,3765.2,2208.5
1981-12-01,1343.0,185.2,1058.7,735.6,10061.4,1328.6,90895,91555,1456.3,261.8,3805.0,2207.1
1982-01-01,1304.4,177.1,1028.2,711.1,9827.6,1304.1,90565,89328,1414.6,245.3,3771.9,2160.4
1982-02-01,1316.1,181.2,1037.6,713.5,9829.3,1307.3,90563,89417,1411.8,249.6,3789.3,2171.2
1982-03-01,1314.5,185.0,1038.8,718.8,9858.3,1320.8,90434,89710,1417.0,256.2,3819.1,2185.2
1982-04-01,1327.2,193.5,1047.9,725.0,9835.5,1321.7,90150,89993,1426.3,258.4,3801.9,2205.7
1982-05-01,1324.5,198.9,1040.7,725.3,9858.0,1319.8,90107,90478,1436.8,260.6,3776.9,2208.4
1982-06-01,1326.3,207.3,1023.2,717.5,9890.8,1330.7,89865,90669,1444.9,262.6,3763.0,2218.0
1982-07-01,1314.4,219.4,1000.5,712.6,9750.2,1311.0,89521,89338,1423.0,265.6,3691.4,2192.2
1982-08-01,1311.2,220.7,997.4,716.3,9715.9,1312.4,89363,89212,1412.9,261.6,3688.3,2200.4
1982-09-01,1305.4,217.7,1021.9,730.9,9810.9,1318.1,89183,89628,1435.7,264.0,3713.8,2218.7
1982-10-01,1304.1,207.2,1034.8,727.7,9813.3,1315.3,88907,89598,1436.9,263.1,3738.6,2213.8
1982-11-01,1302.4,199.6,1040.3,722.2,9817.1,1315.0,88786,89495,1440.0,259.8,3768.9,2216.0
1982-12-01,1299.8,196.8,1046.2,720.4,9853.5,1323.2,88771,89396,1441.7,263.9,3819.4,2228.2
1983-01-01,1282.9,190.5,1027.4,707.6,9705.4,1292.8,88990,87729,1401.9,256.5,3788.6,2191.3
1983-02-01,1285.6,194.0,1040.0,711.8,9710.8,1293.7,88917,87741,1397.1,254.8,3816.1,2196.2
1983-03-01,1294.4,198.3,1051.2,721.2,9765.0,1303.9,89090,88344,1410.2,258.3,3856.2,2218.3
1983-04-01,1312.6,206.0,1067.6,735.3,9828.9,1306.4,89364,89187,1430.0,262.6,3881.3,2251.1
1983-05-01,1321.3,213.2,1072.8,741.9,9891.3,1314.3,89644,90019,1442.2,265.3,3882.9,2263.0
1983-06-01,1338.5,222.8,1059.7,739.1,9999.3,1334.8,90021,90844,1456.3,269.9,3894.6,2284.7
1983-07-01,1342.9,232.3,1060.8,738.3,9903.4,1329.6,90437,90271,1443.0,269.8,3855.6,2280.8
1983-08-01,1340.6,234.2,1058.3,744.1,9890.1,1328.7,90129,89998,1432.5,269.9,3852.3,2286.5
1983-09-01,1348.2,232.0,1103.3,765.0,10049.2,1352.9,91247,91719,1466.5,270.2,3939.3,2334.9
1983-10-01,1355.0,221.4,1118.6,763.7,10116.2,1349.9,91520,92233,1472.5,270.6,3978.5,2333.8
1983-11-01,1359.1,215.7,1128.8,763.8,10143.1,1355.4,91875,92592,1482.1,272.3,4029.3,2347.0
1983-12-01,1364.2,211.1,1144.6,763.4,10188.7,1364.0,92230,92863,1495.5,272.8,4090.2,2366.8
1984-01-01,1345.7,204.8,1126.9,749.4,10112.0,1345.3,92673,91374,1466.2,265.6,4091.8,2345.6
1984-02-01,1354.6,207.8,1149.9,761.5,10148.3,1354.5,93157,91940,1471.2,266.8,4125.3,2356.4
1984-03-01,1362.1,212.7,1161.2,769.6,10227.9,1371.9,93429,92659,1484.8,270.6,4185.1,2384.7
1984-04-01,1379.6,218.2,1175.3,779.5,10279.7,1388.7,93792,93614,1502.8,276.8,4185.8,2412.3
1984-05-01,1385.7,227.0,1181.7,785.4,10371.6,1398.9,94098,94489,1517.0,280.8,4196.7,2432.0
1984-06-01,1402.9,234.0,1170.4,783.5,10469.4,1421.6,94479,95305,1535.6,282.5,4208.6,2461.4
1984-07-01,1399.5,243.9,1157.5,776.2,10419.8,1411.6,94789,94607,1516.5,283.1,4146.8,2460.0
1984-08-01,1402.0,244.9,1165.3,782.5,10441.9,1416.4,95032,94888,1514.7,287.0,4156.0,2481.8
1984-09-01,1398.0,239.6,1197.2,796.4,10548.9,1422.5,95344,95808,1536.9,286.9,4223.9,2502.2
1984-10-01,1407.2,231.0,1218.4,794.3,10583.4,1424.4,95629,96362,1543.9,285.7,4253.5,2498.6
1984-11-01,1410.3,224.2,1234.3,792.2,10621.0,1432.9,95982,96738,1553.6,287.2,4312.8,2515.2
1984-12-01,1404.7,219.7,1244.2,791.8,10675.4,1438.8,96107,96793,1564.9,287.4,4364.2,2534.1
1985-01-01,1392.9,212.6,1230.6,770.1,10545.7,1400.2,96372,95049,1528.5,280.2,4336.6,2490.1
1985-02-01,1395.9,215.0,1248.1,773.2,10593.8,1399.2,96503,95259,1525.9,280.7,4365.7,2490.9
1985-03-01,1404.2,219.2,1262.5,785.3,10652.1,1411.4,96842,96055,1539.4,284.9,4415.4,2519.3
1985-04-01,1422.9,224.9,1279.7,795.9,10701.9,1418.3,97038,96875,1554.2,290.0,4409.0,2547.9
1985-05-01,1427.6,231.5,1284.3,803.9,10777.3,1421.1,97312,97726,1564.0,292.8,4415.5,2564.9
1985-06-01,1429.8,238.8,1269.3,806.0,10842.9,1435.6,97459,98279,1578.6,297.4,4410.6,2580.8
1985-07-01,1437.2,248.2,1253.7,798.0,10770.6,1419.0,97648,97418,1547.1,299.4,4337.5,2568.4
1985-08-01,1436.3,250.0,1264.3,803.1,10784.7,1423.2,97840,97667,1547.6,297.6,4350.6,2584.5
1985-09-01,1435.5,247.3,1295.0,812.5,10912.6,1426.7,98045,98476,1565.8,300.1,4400.0,2607.0
1985-10-01,1445.3,233.7,1307.9,808.0,10946.8,1421.7,98233,98987,1575.3,297.9,4441.5,2617.3
1985-11-01,1448.5,224.9,1321.1,804.9,10956.0,1421.4,98443,99240,1583.4,298.8,4495.3,2627.5
1985-12-01,1449.5,221.8,1327.0,804.7,11013.2,1426.2,98609,99356,1588.3,299.8,4542.4,2638.9
1986-01-01,1440.7,212.7,1305.5,788.9,10880.1,1399.9,98732,97397,1554.2,292.6,4512.2,2597.4
1986-02-01,1444.6,214.1,1323.7,794.3,10906.5,1399.8,98847,97590,1552.9,288.7,4547.3,2604.4
1986-03-01,1447.9,215.4,1333.1,804.8,10955.8,1409.6,98934,98138,1566.0,292.1,4589.5,2624.8
1986-04-01,1462.5,217.9,1339.1,812.2,11015.3,1414.5,99121,98973,1590.5,297.6,4585.4,2653.5
1986-05-01,1465.8,224.3,1344.5,818.4,11082.7,1413.4,99248,99667,1601.4,302.6,4592.8,2666.4
1986-06-01,1467.5,228.9,1328.3,817.1,11137.0,1425.1,99155,99973,1614.8,309.1,4583.5,2678.2
1986-07-01,1471.3,236.4,1310.2,812.1,11066.6,1403.1,99473,99219,1595.8,305.9,4521.6,2667.2
1986-08-01,1464.5,234.9,1317.5,817.3,11091.3,1404.7,99588,99393,1592.9,308.7,4543.2,2685.7
1986-09-01,1465.0,228.8,1340.7,829.8,11217.9,1408.9,99934,100317,1614.1,307.0,4600.3,2703.3
1986-10-01,1475.7,217.0,1359.2,827.0,11287.1,1406.8,100121,100886,1616.0,310.0,4650.5,2720.4
1986-11-01,1477.0,210.9,1371.7,822.9,11320.2,1402.8,100308,101141,1637.4,311.7,4707.1,2728.0
1986-12-01,1477.4,206.7,1380.3,821.0,11367.2,1411.2,100509,101300,1644.9,312.8,4759.5,2739.5
1987-01-01,1464.6,196.7,1353.4,803.4,11225.8,1388.3,100678,99334,1597.4,306.8,4727.3,2696.3
1987-02-01,1467.9,199.3,1369.8,808.9,11265.8,1390.6,100919,99657,1591.0,305.3,4771.7,2708.2
1987-03-01,1473.2,200.9,1378.5,816.3,11344.9,1397.4,101164,100367,1609.6,309.9,4822.3,2725.5
1987-04-01,1497.7,205.6,1387.4,830.4,11406.0,1401.1,101499,101369,1633.6,316.5,4831.2,2745.4
1987-05-01,1505.0,212.7,1390.0,838.1,11468.3,1403.4,101728,102135,1644.5,320.4,4836.5,2767.7
1987-06-01,1507.6,219.1,1370.7,839.0,11536.4,1421.2,101900,102742,1665.1,327.2,4844.1,2784.9
1987-07-01,1515.6,224.1,1351.9,834.3,11445.3,1413.4,102247,101990,1633.7,323.4,4788.3,2785.6
1987-08-01,1517.5,224.3,1357.2,840.4,11469.5,1416.5,102420,102219,1627.5,326.0,4790.2,2800.0
1987-09-01,1527.8,218.4,1388.2,856.1,11607.4,1424.2,102647,102986,1641.3,325.8,4863.6,2822.7
1987-10-01,1535.7,210.9,1415.6,858.2,11687.7,1424.2,103138,103893,1661.1,327.5,4915.7,2836.4
1987-11-01,1538.1,204.8,1427.3,857.3,11745.7,1430.0,103372,104232,1670.1,328.3,4965.9,2846.8
1987-12-01,1541.8,204.1,1439.3,856.7,11811.3,1440.3,103661,104472,1682.9,330.7,5020.4,2864.4
1988-01-01,1519.2,195.4,1397.1,829.4,11664.8,1404.1,103753,102380,1638.3,317.4,4948.8,2807.7
1988-02-01,1530.0,199.1,1412.4,841.5,11728.2,1409.3,104214,102951,1641.4,320.1,5008.4,2819.1
1988-03-01,1540.1,202.6,1421.6,851.5,11799.2,1419.9,104489,103693,1657.1,324.7,5061.4,2844.6
1988-04-01,1548.6,207.2,1425.9,862.7,11851.8,1419.9,104732,104587,1658.7,330.1,5044.6,2857.6
1988-05-01,1555.7,212.5,1428.7,867.7,11908.4,1424.4,104962,105347,1667.5,332.9,5049.1,2870.0
1988-06-01,1572.5,222.3,1401.2,873.6,11984.1,1444.7,105326,106208,1685.1,342.9,5057.3,2890.7
1988-07-01,1569.5,230.0,1377.9,864.6,11897.2,1440.5,105550,105315,1659.2,340.6,4979.4,2880.9
1988-08-01,1552.0,229.4,1386.3,870.1,11902.4,1443.7,105674,105477,1657.8,339.8,4988.9,2886.0
1988-09-01,1567.4,226.9,1427.3,882.8,12031.1,1451.2,106013,106341,1672.1,337.9,5086.0,2901.9
1988-10-01,1572.0,217.2,1440.4,879.0,12123.9,1449.8,106276,107013,1681.9,339.1,5121.6,2901.7
1988-11-01,1596.1,211.2,1449.7,879.8,12185.0,1455.3,106617,107500,1691.2,341.4,5209.2,2920.4
1988-12-01,1581.3,210.4,1463.6,881.5,12246.9,1470.7,106898,107722,1698.2,343.6,5244.3,2930.1
1989-01-01,1564.4,202.2,1430.6,860.5,12068.8,1438.6,107161,105743,1653.2,333.8,5166.9,2880.6
1989-02-01,1573.2,207.2,1449.7,867.3,12119.5,1446.8,107427,106170,1653.5,335.0,5226.5,2895.2
1989-03-01,1585.4,211.4,1464.1,878.5,12186.5,1467.6,107621,106813,1662.2,338.4,5279.3,2905.7
1989-04-01,1593.0,219.1,1460.5,886.9,12209.9,1470.1,107791,107611,1663.9,341.3,5246.5,2906.1
1989-05-01,1603.3,229.3,1461.1,894.5,12251.3,1471.0,107913,108294,1673.1,345.3,5256.2,2927.9
1989-06-01,1602.8,240.7,1429.8,899.9,12314.2,1497.6,108027,108937,1689.7,351.3,5267.4,2947.9
1989-07-01,1597.7,248.2,1413.9,887.7,12203.6,1484.4,108069,107848,1656.2,344.0,5171.3,2939.3
1989-08-01,1608.2,249.7,1421.8,895.2,12176.9,1490.3,108120,107927,1652.8,350.7,5190.4,2953.3
1989-09-01,1617.0,243.0,1463.4,913.6,12327.5,1498.5,108369,108724,1668.0,349.3,5272.6,2972.7
1989-10-01,1619.3,230.4,1474.6,912.5,12405.6,1496.8,108476,109217,1665.2,345.2,5286.6,2974.5
1989-11-01,1625.5,223.0,1487.8,911.7,12481.7,1506.4,108752,109657,1671.7,349.9,5352.5,2985.7
1989-12-01,1625.1,220.3,1496.6,912.6,12543.1,1519.9,108836,109666,1677.9,349.8,5414.2,3004.2
1990-01-01,1614.9,213.8,1455.5,895.0,12330.2,1477.7,109196,107573,1629.9,334.9,5346.3,2973.5
1990-02-01,1617.6,220.4,1476.6,900.9,12400.2,1490.7,109436,108069,1621.4,341.3,5402.3,2985.6
1990-03-01,1625.0,225.3,1489.5,910.7,12477.2,1502.5,109640,108724,1633.1,345.4,5455.7,3014.7
1990-04-01,1644.5,232.7,1494.8,918.1,12503.5,1506.3,109674,109366,1630.9,346.7,5425.3,3014.2
1990-05-01,1654.9,240.5,1500.6,927.9,12566.6,1516.8,109828,110270,1642.7,351.7,5435.4,3034.7
1990-06-01,1656.2,252.5,1470.6,933.1,12623.9,1536.9,109850,110838,1654.1,354.7,5426.2,3060.1
1990-07-01,1647.0,257.1,1444.5,920.2,12533.9,1521.3,109815,109567,1619.8,350.3,5309.0,3034.8
1990-08-01,1641.1,256.5,1454.7,928.9,12511.7,1531.2,109606,109449,1610.8,352.3,5314.7,3046.4
1990-09-01,1655.6,249.3,1487.1,939.5,12587.6,1534.9,109523,110044,1629.6,350.8,5365.9,3047.6
1990-10-01,1658.4,239.9,1499.2,935.9,12622.4,1531.8,109377,110240,1618.0,348.1,5376.0,3029.2
1990-11-01,1662.5,234.6,1513.0,934.4,12652.6,1544.3,109222,110205,1619.2,345.2,5416.1,3038.8
1990-12-01,1661.2,232.9,1511.4,931.0,12676.5,1553.3,109168,109974,1619.9,346.2,5436.9,3039.3
1991-01-01,1625.7,223.3,1479.1,906.8,12355.0,1513.0,109058,107425,1572.6,337.7,5307.5,2953.2
1991-02-01,1626.2,228.4,1493.8,915.2,12372.9,1519.9,108735,107393,1557.5,332.3,5329.0,2943.2
1991-03-01,1637.8,231.0,1503.4,924.7,12405.2,1528.8,108568,107681,1567.3,341.6,5359.6,2959.4
1991-04-01,1645.2,236.5,1497.6,930.2,12412.2,1530.1,108350,108071,1570.7,336.0,5319.4,2958.6
1991-05-01,1653.5,245.5,1497.6,936.5,12434.3,1532.7,108253,108752,1576.6,346.0,5319.9,2979.1
1991-06-01,1652.0,253.5,1473.8,941.6,12467.1,1555.2,108330,109234,1586.0,349.4,5295.1,3000.3
1991-07-01,1649.1,261.5,1445.7,929.0,12357.7,1543.3,108290,108033,1550.3,344.2,5195.6,2967.2
1991-08-01,1646.6,261.2,1458.2,940.2,12350.1,1548.0,108299,108124,1542.9,340.2,5207.2,2977.1
1991-09-01,1661.0,253.6,1489.7,950.1,12420.2,1554.7,108335,108840,1563.1,341.1,5261.1,2984.5
1991-10-01,1669.9,242.8,1508.4,953.0,12431.7,1558.6,108361,109210,1562.4,343.3,5271.3,2981.2
1991-11-01,1672.3,237.5,1521.5,949.2,12442.6,1568.2,108300,109225,1566.0,343.7,5331.9,2996.5
1991-12-01,1672.7,236.8,1527.3,948.7,12443.0,1584.4,108330,109110,1569.2,343.7,5353.9,3010.6
1992-01-01,1647.0,228.4,1484.4,932.4,12113.0,1545.6,108365,106723,1516.5,331.6,5269.8,2950.6
1992-02-01,1653.6,234.8,1501.9,939.8,12130.8,1557.5,108313,106979,1511.5,329.6,5305.5,2958.5
1992-03-01,1663.9,237.9,1512.3,949.1,12229.9,1568.7,108367,107495,1519.8,332.9,5382.9,2987.5
1992-04-01,1674.5,243.4,1522.1,958.7,12238.4,1578.2,108517,108331,1530.1,339.7,5348.4,3003.6
1992-05-01,1685.7,250.0,1525.8,968.1,12261.3,1584.1,108647,109137,1539.7,344.5,5353.8,3024.1
1992-06-01,1682.9,258.4,1500.8,970.7,12285.6,1605.6,108707,109625,1548.9,348.1,5343.9,3037.6
1992-07-01,1680.3,265.8,1484.6,958.0,12190.5,1603.1,108792,108608,1531.8,345.1,5256.8,3032.6
1992-08-01,1686.5,264.4,1494.5,963.3,12142.0,1607.1,108916,108664,1522.5,344.8,5246.3,3040.7
1992-09-01,1690.6,258.4,1535.5,973.7,12199.7,1615.2,108952,109449,1544.0,342.6,5335.3,3053.2
1992-10-01,1710.4,246.5,1538.4,978.2,12214.7,1622.9,109138,110036,1547.5,341.0,5386.7,3074.0
1992-11-01,1713.2,239.4,1547.7,976.2,12249.2,1627.1,109283,110275,1552.3,346.5,5450.1,3086.3
1992-12-01,1717.5,238.3,1558.3,976.6,12248.0,1644.4,109502,110265,1555.1,347.4,5504.1,3101.7
1993-01-01,1686.1,232.0,1518.5,958.2,11985.6,1609.6,109790,108098,1521.2,336.0,5420.5,3038.5
1993-02-01,1699.0,237.9,1547.7,968.1,12019.6,1626.8,110048,108702,1521.7,337.2,5493.0,3058.4
1993-03-01,1706.1,241.6,1565.3,976.7,12057.4,1642.4,110004,109136,1525.5,339.0,5542.5,3076.1
1993-04-01,1724.8,246.0,1583.4,987.4,12043.3,1655.3,110300,110140,1526.3,346.1,5572.2,3107.0
1993-05-01,1728.6,253.2,1588.5,994.4,12086.0,1650.9,110571,111103,1538.1,350.6,5564.4,3122.9
1993-06-01,1730.1,264.0,1567.2,997.2,12147.5,1677.8,110742,111692,1546.7,354.8,5564.4,3143.5
1993-07-01,1723.8,271.1,1550.4,988.4,12064.2,1677.5,111054,110825,1527.0,353.3,5476.2,3147.6
1993-08-01,1722.3,270.6,1560.2,995.2,12060.1,1684.6,111200,110935,1520.2,352.7,5475.1,3159.4
1993-09-01,1734.8,264.9,1602.3,1007.7,12141.1,1688.6,111449,111926,1547.0,354.0,5559.1,3175.5
1993-10-01,1751.3,256.7,1627.6,1013.2,12131.5,1696.9,111734,112590,1554.9,351.1,5608.3,3210.2
1993-11-01,1756.4,249.6,1643.1,1013.0,12172.8,1703.8,111988,112935,1561.7,352.5,5661.2,3229.8
1993-12-01,1759.5,245.9,1660.0,1014.4,12243.5,1730.0,112324,113085,1569.0,354.8,5724.9,3254.1
1994-01-01,1722.2,238.8,1624.1,993.2,11933.7,1688.5,112601,110833,1514.3,341.5,5639.4,3187.6
1994-02-01,1731.3,246.7,1652.3,998.4,12035.3,1704.5,112782,111414,1511.4,341.2,5706.1,3207.9
1994-03-01,1745.6,249.5,1672.4,1011.4,12140.8,1718.9,113245,112389,1523.7,345.5,5769.1,3237.0
1994-04-01,1759.1,251.9,1685.0,1025.4,12139.5,1734.8,113589,113467,1544.2,350.9,5779.7,3261.8
1994-05-01,1763.3,259.9,1684.8,1037.3,12199.5,1737.6,113922,114479,1554.3,356.1,5782.2,3280.8
1994-06-01,1772.7,271.5,1672.2,1041.0,12270.6,1766.4,114239,115271,1567.9,361.6,5786.5,3307.0
1994-07-01,1762.4,277.5,1657.4,1031.6,12166.8,1761.5,114608,114325,1546.4,357.7,5688.6,3292.5
1994-08-01,1767.4,278.5,1680.7,1041.0,12191.3,1771.7,114903,114634,1542.8,361.6,5694.1,3317.1
1994-09-01,1790.2,274.1,1713.6,1057.3,12313.3,1779.6,115247,115693,1568.7,361.4,5808.1,3339.2
1994-10-01,1793.1,260.2,1732.6,1054.4,12304.5,1782.5,115457,116319,1575.5,361.0,5816.4,3357.4
1994-11-01,1818.3,253.5,1757.2,1054.8,12388.6,1796.9,115868,116926,1582.9,364.2,5927.0,3392.6
1994-12-01,1810.1,249.6,1772.7,1055.3,12472.2,1824.2,116173,116963,1587.2,365.6,5960.0,3415.2
1995-01-01,1780.9,241.9,1734.7,1039.0,12139.2,1774.1,116505,114655,1543.6,353.4,5862.2,3342.6
1995-02-01,1788.8,249.0,1769.0,1047.4,12289.4,1793.1,116694,115315,1546.6,354.3,5935.5,3360.0
1995-03-01,1801.5,250.6,1783.2,1058.1,12370.4,1811.4,116908,116071,1559.3,358.9,5998.6,3392.9
1995-04-01,1811.9,253.9,1784.3,1063.6,12375.7,1811.3,117065,116902,1561.1,362.5,5965.8,3403.5
1995-05-01,1817.3,264.3,1792.7,1068.8,12469.8,1815.5,117047,117625,1571.0,366.7,5980.3,3426.6
1995-06-01,1824.6,276.5,1777.8,1075.6,12557.8,1848.1,117291,118340,1579.7,369.7,5981.3,3459.3
1995-07-01,1806.9,281.9,1754.9,1060.1,12403.4,1836.5,117382,117106,1557.9,368.9,5856.4,3416.5
1995-08-01,1810.1,282.6,1771.2,1071.6,12476.1,1848.5,117646,117370,1556.3,371.8,5872.2,3448.7
1995-09-01,1824.9,275.4,1808.0,1085.6,12622.7,1857.9,117873,118286,1579.6,371.2,5988.3,3469.5
1995-10-01,1830.8,263.1,1830.9,1083.2,12584.5,1855.3,118026,118888,1581.9,370.3,6006.8,3474.9
1995-11-01,1842.3,254.2,1848.3,1082.8,12692.8,1867.6,118165,119125,1593.7,371.8,6094.4,3502.4
1995-12-01,1845.4,250.1,1865.3,1084.9,12754.4,1893.1,118325,119122,1600.8,373.9,6162.6,3527.5
1996-01-01,1805.6,242.1,1836.8,1061.1,12470.1,1841.2,118317,116423,1543.6,355.3,6035.5,3450.0
1996-02-01,1813.0,248.7,1871.4,1065.2,12600.8,1856.0,118737,117364,1553.9,363.6,6111.7,3480.6
1996-03-01,1826.8,251.9,1887.0,1076.4,12696.3,1874.7,118992,118168,1565.8,366.1,6201.7,3514.4
1996-04-01,1835.3,256.9,1874.8,1082.6,12678.5,1879.7,119158,119005,1578.7,375.1,6141.5,3527.5
1996-05-01,1842.2,267.7,1885.8,1092.1,12800.0,1889.6,119496,120132,1594.8,381.5,6160.7,3561.8
1996-06-01,1839.3,277.3,1870.2,1094.8,12869.1,1913.9,119770,120795,1607.8,385.8,6150.4,3592.4
1996-07-01,1833.5,284.0,1848.6,1081.4,12737.6,1898.8,120019,119757,1578.0,380.6,6043.9,3615.7
1996-08-01,1839.2,283.8,1877.3,1092.7,12800.2,1917.0,120198,120051,1582.5,379.5,6072.0,3574.2
1996-09-01,1849.9,276.2,1907.5,1099.4,12916.7,1920.6,120400,120795,1601.3,379.3,6180.4,3573.7
1996-10-01,1861.0,264.9,1924.9,1097.5,12938.8,1919.3,120665,121516,1614.5,379.4,6210.1,3583.8
1996-11-01,1873.1,256.8,1956.6,1099.2,13060.0,1935.8,120947,121976,1626.7,382.6,6292.3,3609.4
1996-12-01,1873.1,252.5,1966.5,1097.3,13104.4,1958.4,121143,121955,1633.7,384.4,6359.3,3632.3
1997-01-01,1842.3,247.0,1920.0,1070.9,12779.4,1913.6,121357,119412,1577.6,372.1,6264.9,3549.6
1997-02-01,1849.1,253.2,1955.2,1079.4,12921.6,1932.1,121674,120274,1582.4,373.7,6320.6,3570.5
1997-03-01,1866.6,256.0,1973.1,1090.8,13058.7,1947.5,121991,121155,1595.0,378.7,6379.9,3603.6
1997-04-01,1876.0,261.4,1975.2,1101.8,13107.7,1944.9,122288,122132,1606.4,383.4,6379.7,3610.4
1997-05-01,1883.6,272.7,1981.8,1109.5,13211.3,1960.3,122560,123211,1617.6,388.1,6396.9,3637.6
1997-06-01,1880.6,283.0,1960.9,1108.3,13287.3,1990.4,122816,123861,1630.2,394.5,6391.0,3656.0
1997-07-01,1873.8,289.3,1934.9,1097.4,13168.7,1990.5,123114,122876,1604.1,390.7,6292.1,3628.3
1997-08-01,1873.8,288.0,1955.8,1108.0,13216.8,1997.5,123086,122944,1601.9,393.4,6316.0,3651.3
1997-09-01,1887.9,281.9,1999.9,1117.7,13339.2,2003.7,123575,123948,1629.7,392.2,6433.1,3678.0
1997-10-01,1898.9,271.2,2029.3,1121.4,13363.5,2008.9,123924,124851,1636.5,391.7,6460.1,3692.4
1997-11-01,1905.7,262.3,2055.9,1119.7,13430.2,2020.1,124226,125245,1645.6,395.0,6521.8,3716.8
1997-12-01,1909.5,258.9,2073.6,1122.2,13547.6,2046.9,124549,125383,1659.8,399.4,6598.2,3752.2
1998-01-01,1873.4,254.9,2017.3,1094.9,13282.4,1997.1,124806,122832,1612.5,385.8,6504.7,3670.1
1998-02-01,1882.9,261.4,2045.8,1102.0,13388.1,2012.5,125017,123609,1619.5,386.1,6564.3,3690.9
1998-03-01,1897.3,264.7,2068.2,1111.0,13508.5,2027.0,125165,124332,1630.8,390.8,6614.4,3724.2
1998-04-01,1916.7,268.1,2070.2,1119.2,13543.8,2031.9,125446,125372,1637.1,395.8,6584.3,3728.1
1998-05-01,1921.6,279.6,2075.8,1126.8,13665.8,2041.1,125846,126455,1650.8,400.4,6594.6,3760.8
1998-06-01,1926.6,287.8,2054.2,1128.6,13756.5,2068.9,126076,127118,1665.9,406.6,6604.2,3788.9
1998-07-01,1901.6,293.8,2022.9,1116.5,13664.5,2070.9,126211,126047,1649.2,403.2,6504.5,3761.8
1998-08-01,1907.2,293.0,2051.7,1122.1,13723.9,2073.8,126546,126287,1642.1,407.0,6507.3,3790.8
1998-09-01,1921.0,287.4,2096.5,1133.2,13852.5,2077.0,126744,127098,1662.4,406.7,6616.8,3807.7
1998-10-01,1924.6,275.5,2111.7,1135.7,13867.0,2080.2,126948,127877,1668.2,403.0,6677.2,3820.1
1998-11-01,1930.6,268.0,2135.1,1135.2,13965.1,2089.4,127223,128277,1679.3,405.3,6744.7,3844.7
1998-12-01,1935.3,265.6,2147.9,1135.9,14049.6,2115.7,127595,128448,1691.3,410.6,6818.9,3866.9
1999-01-01,1897.7,259.5,2094.7,1112.5,13678.6,2068.6,127699,125700,1645.1,396.3,6680.5,3762.3
1999-02-01,1910.4,264.7,2128.7,1120.9,13800.8,2090.6,128118,126684,1648.2,398.4,6759.9,3792.7
1999-03-01,1925.3,268.3,2143.7,1130.9,13922.7,2099.5,128234,127399,1659.2,404.3,6813.3,3820.6
1999-04-01,1934.2,272.1,2162.1,1139.2,13972.3,2123.1,128596,128543,1670.7,410.2,6796.7,3859.1
1999-05-01,1936.9,282.9,2161.6,1142.9,14065.1,2115.8,128813,129411,1676.8,413.6,6803.4,3886.0
1999-06-01,1939.0,291.7,2148.4,1145.0,14140.2,2147.8,129084,130137,1692.0,418.2,6816.6,3912.4
1999-07-01,1931.0,297.8,2127.3,1134.8,14079.8,2144.6,129421,129268,1676.9,416.7,6682.0,3879.6
1999-08-01,1929.7,297.9,2142.6,1142.4,14108.4,2144.9,129572,129325,1671.4,418.8,6691.8,3904.2
1999-09-01,1946.0,293.6,2182.0,1152.2,14225.7,2148.0,129772,130102,1688.2,416.2,6791.4,3921.7
1999-10-01,1946.1,279.7,2204.1,1155.3,14285.4,2151.7,130178,131037,1690.2,418.1,6848.2,3934.1
1999-11-01,1953.3,272.5,2222.6,1158.4,14374.1,2161.3,130467,131496,1699.4,421.7,6930.4,3958.6
1999-12-01,1960.1,269.4,2238.3,1162.5,14481.1,2189.0,130783,131633,1713.1,423.9,7013.6,3984.6
2000-01-01,1918.2,262.1,2183.9,1136.5,14133.1,2133.8,131011,128993,1665.3,407.1,6904.2,3882.1
2000-02-01,1926.3,269.6,2220.4,1143.1,14270.1,2155.7,131121,129655,1668.5,409.0,6966.4,3910.1
2000-03-01,1945.1,273.0,2239.8,1157.6,14421.3,2180.9,131604,130752,1682.1,415.5,7046.4,3952.2
2000-04-01,1947.1,276.0,2240.4,1157.9,14451.3,2187.4,131883,131749,1693.8,418.1,7030.3,3955.2
2000-05-01,1960.4,288.4,2253.7,1165.9,14590.4,2201.7,132105,132705,1707.6,421.6,7063.7,3987.9
2000-06-01,1956.5,298.4,2225.0,1167.8,14696.8,2233.4,132062,133218,1721.3,426.8,7014.3,4001.4
2000-07-01,1937.4,305.1,2193.1,1148.3,14547.4,2226.8,132228,131997,1703.4,425.9,6948.2,3973.6
2000-08-01,1944.0,304.6,2218.8,1157.9,14619.1,2238.5,132234,132007,1693.8,423.6,7054.2,3999.7
2000-09-01,1957.0,297.3,2259.5,1167.9,14742.7,2239.0,132338,132678,1711.7,422.6,7089.3,4007.3
2000-10-01,1952.9,284.3,2275.0,1167.3,14748.4,2236.9,132352,133236,1711.4,422.2,7102.4,4010.3
2000-11-01,1959.0,275.6,2293.4,1166.8,14861.0,2250.7,132556,133601,1719.1,424.6,7181.3,4022.1
2000-12-01,1961.0,274.4,2311.9,1163.3,14962.3,2273.9,132716,133542,1730.8,426.4,7246.7,4040.4
2001-01-01,1908.1,264.4,2239.9,1140.8,14619.9,2209.8,132703,130667,1674.5,411.0,7082.5,3959.4
2001-02-01,1919.2,274.2,2275.9,1146.7,14708.2,2222.0,132788,131334,1668.0,412.7,7154.0,3972.9
2001-03-01,1929.8,276.6,2292.0,1156.3,14826.4,2235.9,132751,131929,1674.6,420.3,7216.0,3999.3
2001-04-01,1934.7,281.9,2287.4,1160.2,14765.6,2229.9,132457,132334,1683.9,420.4,7180.6,3979.4
2001-05-01,1935.5,293.5,2280.3,1163.1,14814.9,2231.4,132409,133042,1697.0,423.5,7184.8,3986.0
2001-06-01,1932.1,303.7,2252.5,1160.7,14870.5,2261.2,132299,133421,1707.8,427.6,7121.0,3990.6
2001-07-01,1910.7,311.8,2216.8,1142.2,14614.6,2239.4,132171,131930,1684.4,423.2,7031.8,3943.5
2001-08-01,1918.5,312.3,2244.6,1150.8,14655.7,2239.5,132021,131859,1677.5,421.7,7132.5,3975.0
2001-09-01,1924.6,304.9,2268.5,1157.4,14674.4,2224.9,131763,132126,1692.0,418.4,7133.2,3966.5
2001-10-01,1919.4,290.8,2271.4,1154.4,14672.4,2205.6,131452,132328,1695.4,418.3,7124.4,3957.0
2001-11-01,1924.8,280.4,2278.8,1153.0,14694.2,2202.9,131144,132141,1701.5,420.4,7172.6,3960.1
2001-12-01,1924.8,277.1,2283.3,1150.6,14726.0,2211.3,130983,131758,1708.5,420.4,7213.5,3962.1
2002-01-01,1874.0,271.0,2230.2,1126.4,14367.7,2148.0,130859,128877,1657.8,403.8,7074.6,3843.9
2002-02-01,1884.5,280.2,2253.8,1132.2,14460.8,2158.9,130736,129347,1655.1,405.6,7130.8,3860.6
2002-03-01,1898.3,283.4,2270.4,1143.6,14595.1,2172.2,130722,129955,1664.5,408.7,7192.1,3887.5
2002-04-01,1904.1,287.0,2282.1,1148.2,14587.8,2181.0,130615,130543,1677.1,412.3,7171.6,3897.6
2002-05-01,1906.1,297.7,2278.3,1156.0,14673.3,2190.3,130632,131314,1686.7,418.1,7183.1,3912.4
2002-06-01,1900.3,308.5,2253.2,1154.7,14725.9,2213.4,130673,131694,1695.7,419.9,7102.0,3923.0
2002-07-01,1886.0,314.8,2212.2,1138.1,14498.6,2192.8,130583,130255,1662.9,418.9,7022.2,3869.1
2002-08-01,1893.6,315.6,2248.3,1144.4,14551.2,2198.9,130582,130341,1659.9,418.4,7128.5,3903.0
2002-09-01,1903.3,309.5,2268.7,1156.4,14613.4,2188.2,130503,130859,1671.7,420.2,7139.8,3901.3
2002-10-01,1905.8,297.1,2284.9,1150.6,14654.2,2178.0,130617,131531,1673.8,416.6,7169.4,3908.5
2002-11-01,1913.7,287.8,2313.7,1150.5,14725.5,2182.3,130616,131651,1681.4,419.0,7238.0,3923.5
2002-12-01,1911.3,285.9,2314.5,1151.7,14757.0,2196.9,130465,131241,1686.5,419.7,7295.7,3930.1
2003-01-01,1872.2,278.2,2255.7,1128.5,14397.8,2130.6,130573,128561,1639.9,403.6,7162.1,3823.7
2003-02-01,1880.4,284.4,2282.0,1131.3,14464.4,2134.7,130441,128978,1633.7,401.2,7217.7,3835.3
2003-03-01,1891.2,287.5,2294.9,1138.4,14548.9,2138.5,130235,129474,1638.2,405.5,7273.2,3856.8
2003-04-01,1895.1,290.3,2300.3,1141.4,14554.1,2137.7,130172,130132,1649.4,410.8,7247.8,3860.8
2003-05-01,1897.8,303.6,2302.6,1149.3,14619.8,2146.5,130196,130892,1661.4,416.9,7252.1,3871.5
2003-06-01,1890.5,314.5,2274.2,1145.5,14679.0,2168.5,130185,131222,1668.6,422.0,7169.8,3866.9
2003-07-01,1876.5,319.6,2242.3,1131.1,14471.4,2155.4,130184,129885,1639.8,418.7,7102.0,3845.1
2003-08-01,1883.6,320.1,2282.5,1142.1,14519.2,2163.1,130153,129936,1637.5,418.7,7202.3,3883.3
2003-09-01,1891.6,314.3,2306.1,1154.6,14578.7,2157.4,130253,130589,1650.1,420.0,7222.9,3890.0
2003-10-01,1899.3,299.2,2334.0,1156.8,14647.1,2158.6,130440,131383,1663.2,420.8,7268.3,3885.3
2003-11-01,1905.9,290.1,2350.4,1154.4,14686.2,2157.2,130481,131548,1670.6,422.2,7316.3,3902.1
2003-12-01,1908.3,288.1,2366.5,1157.8,14741.2,2176.6,130589,131367,1673.6,423.9,7388.5,3916.4
2004-01-01,1877.5,283.2,2311.6,1135.1,14437.0,2122.8,130756,128709,1627.0,411.7,7316.7,3840.7
2004-02-01,1888.3,286.8,2342.3,1141.2,14535.6,2132.2,130820,129320,1627.2,413.8,7389.5,3860.3
2004-03-01,1901.9,291.2,2360.8,1151.7,14649.8,2151.0,131139,130363,1636.9,418.5,7455.6,3888.9
2004-04-01,1915.2,295.2,2379.1,1156.0,14670.7,2167.3,131412,131478,1654.9,419.2,7492.0,3913.0
2004-05-01,1919.0,306.2,2380.5,1161.3,14754.6,2173.4,131697,132381,1666.8,425.7,7496.3,3923.0
2004-06-01,1923.4,318.9,2356.2,1161.3,14817.1,2201.1,131794,132824,1676.6,431.0,7428.7,3916.4
2004-07-01,1915.3,327.0,2335.2,1147.4,14713.1,2189.2,131853,131665,1653.3,427.8,7390.5,3908.3
2004-08-01,1918.2,325.8,2371.9,1156.4,14724.3,2195.5,131940,131684,1650.9,427.5,7477.1,3945.2
2004-09-01,1923.6,320.5,2400.4,1167.9,14798.8,2196.5,132091,132398,1665.4,428.5,7455.3,3931.7
2004-10-01,1931.6,305.4,2439.5,1167.4,14896.3,2195.1,132431,133380,1673.0,430.2,7539.3,3967.3
2004-11-01,1942.9,295.8,2459.2,1170.3,14972.5,2198.9,132504,133631,1683.7,432.3,7641.2,3985.7
2004-12-01,1949.5,294.2,2479.3,1173.0,15013.0,2223.5,132629,133398,1689.7,432.2,7720.4,3991.2
2005-01-01,1914.8,288.5,2416.8,1152.2,14685.4,2162.6,132781,130694,1641.2,418.3,7605.2,3932.4
2005-02-01,1926.7,292.9,2458.4,1160.5,14802.7,2181.0,133033,131517,1644.2,419.2,7688.9,3952.6
2005-03-01,1941.3,296.3,2477.3,1171.7,14906.8,2198.2,133152,132358,1648.2,424.3,7735.9,3960.3
2005-04-01,1958.7,301.1,2509.8,1176.6,14965.2,2206.4,133519,133570,1673.6,430.4,7778.3,4016.3
2005-05-01,1963.8,313.4,2511.6,1181.4,15022.8,2214.9,133689,134382,1680.2,434.9,7796.5,4034.2
2005-06-01,1966.3,325.4,2485.1,1181.2,15094.5,2243.8,133947,135053,1692.0,435.9,7702.1,4019.7
2005-07-01,1954.2,333.3,2472.0,1165.4,14984.6,2237.5,134300,133994,1664.2,435.5,7682.0,4006.4
2005-08-01,1962.4,333.0,2511.2,1174.0,15044.3,2240.7,134503,134244,1660.5,435.7,7798.0,4055.9
2005-09-01,1973.7,325.4,2549.7,1190.7,15159.0,2247.0,134554,134869,1677.3,437.2,7843.6,4054.4
2005-10-01,1978.6,308.6,2562.0,1187.1,15207.2,2243.1,134643,135600,1680.8,437.5,7850.4,4067.2
2005-11-01,1991.7,301.1,2589.3,1191.4,15299.7,2250.4,134999,136158,1691.0,442.5,7925.0,4094.5
2005-12-01,1996.9,297.0,2608.4,1193.7,15372.6,2275.8,135158,135954,1699.9,441.2,7998.2,4098.6
2006-01-01,1960.8,291.2,2566.1,1178.3,15018.2,2219.2,135426,133302,1663.5,427.1,7865.6,4038.4
2006-02-01,1972.7,297.9,2610.6,1185.4,15144.7,2234.2,135731,134229,1663.1,427.8,7940.5,4059.6
2006-03-01,1991.7,302.3,2633.3,1197.2,15229.9,2254.0,136036,135209,1668.5,432.4,8021.1,4078.3
2006-04-01,1995.0,307.2,2639.0,1202.4,15233.9,2259.0,136208,136125,1694.0,436.2,8001.5,4104.1
2006-05-01,2000.5,319.6,2648.1,1206.3,15346.1,2273.5,136249,136928,1701.8,441.4,8019.5,4120.2
2006-06-01,2010.3,336.6,2620.6,1206.6,15435.3,2306.6,136335,137431,1712.6,443.9,7934.3,4113.3
2006-07-01,1987.3,337.5,2592.4,1185.3,15266.4,2285.4,136529,136256,1686.7,439.1,7861.4,4080.6
2006-08-01,1996.4,337.2,2629.6,1193.8,15320.6,2293.2,136693,136462,1686.6,438.7,7977.4,4122.3
2006-09-01,2006.9,330.0,2661.3,1208.4,15409.0,2294.2,136829,137130,1698.1,439.5,7993.7,4118.5
2006-10-01,2001.8,311.1,2674.0,1204.4,15444.6,2292.3,136846,137831,1704.5,440.9,7995.9,4149.0
2006-11-01,2012.8,304.7,2692.2,1204.6,15510.3,2301.9,137061,138217,1713.7,442.8,8079.4,4171.5
2006-12-01,2018.6,301.6,2703.6,1207.0,15555.7,2324.8,137249,138107,1724.0,444.7,8135.9,4174.4
2007-01-01,1991.1,296.2,2636.4,1185.8,15215.6,2261.8,137472,135316,1670.3,428.3,7994.0,4115.6
2007-02-01,2004.6,302.9,2674.2,1192.2,15326.7,2279.6,137558,136008,1675.6,427.3,8061.2,4135.8
2007-03-01,2021.7,305.7,2692.3,1206.8,15433.4,2305.4,137782,136907,1680.5,432.7,8125.6,4151.6
2007-04-01,2017.7,309.7,2682.1,1206.8,15386.2,2312.1,137845,137712,1697.7,436.6,8077.6,4160.6
2007-05-01,2026.1,321.9,2687.2,1211.5,15478.0,2326.7,137993,138656,1709.2,442.3,8072.4,4179.3
2007-06-01,2034.4,336.5,2655.7,1210.2,15552.3,2357.3,138069,139156,1722.7,445.4,7963.9,4168.2
2007-07-01,2010.0,339.6,2629.5,1188.8,15424.2,2341.0,138044,137760,1695.6,441.1,7854.9,4137.3
2007-08-01,2020.6,340.3,2668.1,1201.6,15434.8,2349.4,138013,137871,1693.9,440.6,7953.4,4180.8
2007-09-01,2030.7,332.0,2688.8,1212.6,15496.2,2351.2,138101,138435,1714.5,439.9,7940.9,4174.3
2007-10-01,2030.8,315.2,2701.2,1209.9,15536.4,2349.5,138177,139180,1724.1,440.4,7929.9,4183.6
2007-11-01,2040.7,308.0,2718.3,1211.7,15605.5,2358.1,138291,139492,1733.9,444.1,8002.6,4204.2
2007-12-01,2046.1,304.6,2719.7,1213.7,15648.4,2371.9,138395,139279,1739.7,445.6,8035.9,4200.8
2008-01-01,2002.6,300.2,2650.3,1191.8,15243.2,2313.6,138391,136251,1690.7,430.2,7853.4,4130.5
2008-02-01,2012.3,306.0,2673.3,1199.0,15335.7,2330.0,138327,136770,1697.9,431.4,7909.8,4149.9
2008-03-01,2020.5,308.4,2672.2,1206.7,15388.4,2342.6,138257,137362,1703.9,434.7,7931.5,4151.0
2008-04-01,2025.9,312.9,2661.8,1207.2,15399.8,2348.1,138038,137894,1716.9,439.5,7847.8,4156.7
2008-05-01,2029.6,327.2,2655.0,1212.8,15436.2,2358.8,137851,138469,1725.4,441.6,7816.2,4167.7
2008-06-01,2028.3,341.0,2605.5,1209.4,15462.4,2378.0,137698,138664,1730.2,443.1,7675.0,4140.3
2008-07-01,2005.3,346.2,2563.3,1190.9,15253.3,2362.2,137498,137183,1696.4,439.2,7564.6,4100.3
2008-08-01,2007.6,345.4,2601.4,1200.3,15240.5,2368.2,137211,137076,1691.6,437.6,7638.9,4127.3
2008-09-01,2009.7,337.2,2607.3,1211.3,15268.7,2359.8,136762,137129,1708.9,435.9,7610.7,4103.3
2008-10-01,1999.8,319.0,2600.3,1205.0,15240.8,2350.7,136293,137424,1712.4,435.2,7582.1,4093.4
2008-11-01,1989.7,311.6,2596.9,1200.1,15182.0,2339.8,135543,136745,1712.8,435.7,7589.6,4080.8
2008-12-01,1983.8,309.1,2581.7,1196.0,15143.1,2339.3,134847,135713,1708.9,433.2,7588.6,4058.3
2009-01-01,1922.9,302.6,2498.8,1167.0,14688.5,2270.0,134078,132022,1644.8,415.5,7379.3,3953.5
2009-02-01,1918.6,307.6,2493.9,1168.4,14624.4,2260.6,133317,131791,1645.2,413.8,7380.0,3942.7
2009-03-01,1918.7,308.9,2484.9,1173.0,14601.7,2256.8,132492,131659,1639.0,415.2,7375.2,3928.7
2009-04-01,1918.3,313.5,2467.2,1174.2,14537.4,2246.9,131821,131842,1638.0,416.6,7327.0,3931.0
2009-05-01,1917.3,323.2,2451.8,1171.0,14545.3,2249.5,131468,132114,1648.1,422.0,7287.4,3930.0
2009-06-01,1912.3,338.3,2391.5,1164.3,14514.9,2257.6,131007,131933,1645.5,421.1,7154.9,3897.9
2009-07-01,1890.8,343.8,2363.5,1151.2,14223.0,2236.5,130662,130337,1614.5,416.2,7065.3,3858.8
2009-08-01,1888.0,342.6,2387.3,1154.8,14202.4,2234.2,130472,130216,1606.7,415.0,7132.2,3870.0
2009-09-01,1891.3,334.1,2400.7,1164.4,14220.7,2230.9,130247,130571,1629.7,414.8,7128.1,3859.7
2009-10-01,1888.3,317.9,2407.3,1161.4,14352.8,2230.2,130062,131171,1634.1,416.3,7152.8,3868.6
2009-11-01,1896.2,310.4,2421.4,1163.1,14374.3,2226.1,130058,131220,1639.0,415.8,7206.8,3881.1
2009-12-01,1896.6,307.3,2422.0,1162.5,14383.1,2233.4,129808,130671,1641.6,414.6,7226.2,3871.6
2010-01-01,1858.2,303.0,2366.3,1135.9,14049.0,2173.6,129802,127804,1573.4,399.4,7096.2,3794.5
2010-02-01,1864.5,307.0,2385.0,1137.7,14089.2,2187.3,129705,128241,1581.8,396.9,7147.8,3807.0
2010-03-01,1879.7,309.4,2396.8,1154.0,14158.4,2199.9,129865,129073,1587.6,403.9,7195.6,3827.2
2010-04-01,1891.5,315.5,2407.1,1163.0,14290.1,2210.5,130120,130195,1612.9,411.4,7215.5,3859.1
2010-05-01,1907.1,325.7,2413.9,1175.1,14382.4,2224.4,130643,131311,1631.2,417.0,7239.4,3890.9
2010-06-01,1907.9,343.6,2351.9,1177.5,14395.4,2240.0,130509,131430,1630.1,419.5,7117.4,3866.6
2010-07-01,1888.2,349.6,2326.6,1158.9,14187.0,2230.3,130415,130095,1613.2,419.5,7060.7,3852.6
2010-08-01,1886.8,347.8,2357.3,1164.4,14210.2,2233.1,130416,130158,1608.4,418.4,7146.0,3868.4
2010-09-01,1891.7,341.4,2373.8,1172.1,14266.3,2227.7,130342,130650,1629.9,419.0,7136.5,3859.0
2010-10-01,1897.6,324.8,2402.3,1171.1,14413.8,2235.1,130621,131623,1641.5,417.9,7200.1,3892.6
2010-11-01,1904.3,317.5,2423.0,1172.3,14464.0,2237.3,130749,131931,1646.8,418.8,7261.3,3905.4
2010-12-01,1903.6,314.1,2430.0,1172.8,14494.5,2253.6,130830,131622,1650.2,419.9,7290.1,3896.4
2011-01-01,1858.8,308.6,2379.0,1148.3,14197.9,2201.8,130837,128760,1597.1,406.1,7176.9,3804.5
2011-02-01,1873.6,314.2,2402.5,1148.2,14280.1,2212.0,131056,129575,1608.5,407.5,7228.1,3855.6
2011-03-01,1886.2,316.4,2414.8,1162.1,14340.4,2227.7,131282,130482,1611.2,411.8,7275.1,3876.8
2011-04-01,1894.8,321.2,2426.6,1177.8,14405.7,2246.8,131597,131698,1639.0,419.4,7311.9,3916.6
2011-05-01,1897.3,330.5,2425.9,1173.8,14452.3,2251.4,131704,132381,1644.1,420.2,7282.3,3926.3
2011-06-01,1896.9,348.8,2362.0,1166.2,14471.1,2273.4,131931,132869,1643.1,421.1,7167.9,3904.2
2011-07-01,1881.9,354.0,2337.8,1159.9,14324.1,2262.0,131993,131599,1628.2,420.0,7131.0,3885.5
2011-08-01,1886.9,352.6,2392.9,1166.3,14370.3,2272.9,132125,131871,1620.2,417.9,7216.2,3910.3
2011-09-01,1899.9,347.2,2422.6,1178.4,14467.0,2278.8,132344,132618,1645.2,419.5,7243.9,3909.5
2011-10-01,1894.5,329.4,2440.3,1183.9,14574.7,2276.3,132553,133540,1649.3,417.9,7286.1,3929.3
2011-11-01,1905.2,321.3,2464.6,1184.6,14656.4,2283.5,132690,133876,1657.0,419.9,7361.8,3948.5
2011-12-01,1904.7,318.0,2467.7,1183.8,14678.4,2300.5,132888,133702,1662.4,420.7,7395.1,3935.3
2012-01-01,1870.4,312.6,2425.2,1160.4,14435.3,2248.3,133245,131095,1612.9,406.3,7287.2,3876.3
2012-02-01,1882.8,320.2,2448.3,1166.2,14532.3,2262.0,133508,132050,1624.7,407.5,7350.3,3897.9
2012-03-01,1901.6,322.9,2466.3,1177.7,14625.6,2281.2,133748,132953,1632.4,412.6,7410.4,3921.3
2012-04-01,1909.6,326.7,2468.0,1182.9,14664.9,2291.5,133825,133836,1644.2,416.4,7429.9,3955.0
2012-05-01,1912.5,337.9,2464.3,1188.1,14763.0,2301.8,133933,134648,1655.5,422.2,7419.9,3972.0
2012-06-01,1916.7,354.5,2420.2,1181.8,14830.4,2329.2,134012,134987,1659.4,422.9,7325.5,3957.1
2012-07-01,1892.7,358.1,2387.8,1161.8,14658.3,2317.9,134157,133778,1638.7,422.3,7271.4,3926.0
2012-08-01,1903.5,357.3,2445.4,1170.9,14736.9,2327.6,134338,134155,1632.9,421.6,7369.5,3961.1
2012-09-01,1911.1,349.0,2474.9,1181.1,14803.0,2329.0,134517,134783,1657.2,421.4,7386.0,3955.0
2012-10-01,1914.1,336.4,2494.2,1182.9,14944.9,2340.0,134668,135633,1665.9,423.6,7458.2,3992.2
2012-11-01,1927.5,325.5,2523.3,1185.0,15061.8,2349.7,134825,136022,1675.0,427.0,7547.3,4022.7
2012-12-01,1926.2,321.8,2531.1,1187.1,15084.7,2362.3,135074,135945,1679.5,427.2,7572.2,4009.8
2013-01-01,1885.7,314.7,2478.3,1161.5,14796.2,2309.8,135257,133062,1624.6,412.6,7449.6,3949.9
2013-02-01,1903.4,322.3,2504.8,1170.7,14922.0,2331.0,135545,134102,1628.2,414.6,7526.4,3977.7
2013-03-01,1917.8,324.7,2518.0,1177.3,14999.6,2348.4,135689,134901,1639.2,419.7,7580.4,3992.9
2013-04-01,1926.4,329.3,2527.0,1182.9,15064.9,2357.3,135873,135906,1662.0,424.7,7590.3,4026.7
2013-05-01,1934.1,340.1,2524.3,1186.5,15148.4,2370.0,136095,136797,1672.7,430.1,7592.6,4039.5
2013-06-01,1935.4,355.3,2472.7,1176.8,15178.3,2395.3,136279,137208,1681.9,432.1,7501.7,4023.3
2013-07-01,1915.3,360.2,2450.9,1162.2,15032.2,2388.2,136391,136034,1661.0,431.7,7465.4,4005.3
2013-08-01,1923.2,359.8,2502.2,1169.1,15145.9,2402.2,136646,136471,1651.8,432.1,7573.4,4043.5
2013-09-01,1927.3,351.3,2530.3,1183.7,15200.7,2402.0,136821,137077,1668.2,431.9,7586.8,4043.3
2013-10-01,1929.6,333.5,2553.7,1186.4,15344.2,2408.0,137041,138002,1674.8,434.4,7654.9,4078.2
2013-11-01,1942.6,325.1,2585.8,1189.7,15482.4,2420.1,137316,138525,1686.0,439.0,7759.0,4107.1
2013-12-01,1947.2,322.1,2592.1,1184.9,15498.1,2433.6,137373,138275,1683.5,436.5,7789.1,4101.4
2014-01-01,1905.6,318.6,2536.2,1164.4,15228.9,2389.7,137561,135471,1637.9,423.7,7669.5,4035.7
2014-02-01,1915.3,322.9,2558.3,1173.0,15327.4,2405.1,137712,136212,1637.8,423.3,7742.3,4045.3
2014-03-01,1930.0,325.5,2566.5,1182.1,15410.5,2421.9,137985,137169,1647.1,428.1,7799.0,4087.1
2014-04-01,1943.9,331.2,2577.7,1190.4,15476.7,2438.6,138297,138308,1673.0,433.8,7828.1,4128.9
2014-05-01,1950.6,344.0,2565.1,1198.4,15563.5,2452.6,138512,139217,1685.4,440.6,7835.5,4152.7
2014-06-01,1953.1,356.4,2520.1,1190.0,15595.1,2478.0,138849,139804,1690.3,442.4,7736.0,4138.7
2014-07-01,1934.1,362.4,2496.8,1173.7,15435.7,2470.5,139073,138727,1668.0,441.3,7706.9,4129.4
2014-08-01,1945.0,360.3,2547.8,1184.0,15573.1,2486.9,139269,139105,1662.4,440.6,7819.6,4174.0
2014-09-01,1953.0,350.6,2576.0,1200.1,15645.1,2487.9,139563,139793,1681.6,440.5,7838.3,4171.6
2014-10-01,1959.1,335.1,2610.2,1203.1,15800.0,2500.3,139797,140848,1691.2,443.0,7926.2,4198.9
2014-11-01,1966.3,326.3,2639.4,1208.5,15913.8,2505.1,140090,141314,1700.8,448.0,8022.5,4232.7
2014-12-01,1974.0,324.2,2649.7,1212.0,15938.8,2527.1,140364,141306,1703.2,448.8,8066.4,4241.9
2015-01-01,1932.5,321.9,2596.3,1187.0,15661.8,2481.4,140568,138491,1657.4,433.3,7948.1,4161.1
2015-02-01,1945.2,326.2,2621.4,1196.6,15757.0,2498.2,140827,139324,1655.5,433.6,8021.8,4187.6
2015-03-01,1953.7,328.4,2628.6,1198.1,15845.1,2508.8,140923,140080,1662.9,438.3,8073.6,4208.4
2015-04-01,1969.2,332.8,2639.4,1209.8,15918.7,2521.7,141196,141264,1684.4,443.1,8100.1,4236.5
2015-05-01,1978.3,345.1,2630.0,1219.1,15999.9,2530.6,141538,142205,1701.7,451.0,8106.9,4262.5
2015-06-01,1979.6,358.0,2576.8,1212.3,16037.4,2555.3,141709,142681,1708.5,453.2,8013.4,4263.2
2015-07-01,1965.9,365.0,2563.3,1199.0,15979.1,2550.3,141991,141731,1678.2,453.8,7992.7,4244.3
2015-08-01,1972.6,360.3,2614.6,1210.3,16077.0,2554.8,142125,141921,1671.9,450.7,8097.9,4279.2
2015-09-01,1977.6,351.1,2646.3,1227.7,16141.0,2557.1,142275,142478,1691.6,451.0,8115.1,4283.6
2015-10-01,1985.8,334.2,2685.8,1229.1,16329.8,2567.0,142579,143627,1705.2,452.3,8230.4,4323.3
2015-11-01,1993.9,324.2,2715.0,1234.3,16423.7,2575.5,142808,144048,1713.0,457.2,8327.8,4346.7
2015-12-01,2000.2,321.4,2718.0,1237.6,16447.5,2591.6,143077,144045,1712.5,456.8,8368.8,4359.0
2016-01-01,1962.8,317.7,2663.8,1210.9,16150.1,2543.2,143210,141073,1663.3,440.5,8243.0,4280.2
2016-02-01,1974.8,322.1,2693.1,1220.6,16261.2,2558.4,143407,141900,1666.5,441.0,8319.3,4305.0
2016-03-01,1984.8,323.7,2702.0,1228.4,16282.9,2570.0,143662,142797,1677.2,445.7,8364.9,4318.2
2016-04-01,2001.4,330.0,2717.6,1236.4,16430.3,2587.0,143855,143892,1690.6,450.7,8402.1,4364.0
2016-05-01,2003.6,340.2,2704.0,1239.5,16480.6,2582.2,143900,144541,1705.1,454.3,8391.1,4376.7
2016-06-01,2003.9,351.8,2647.3,1232.4,16467.7,2614.4,144146,145205,1708.4,456.9,8278.9,4373.0
2016-07-01,1991.6,358.1,2642.0,1218.8,16393.4,2615.4,144520,144232,1687.4,458.3,8279.6,4356.3
2016-08-01,1998.0,354.0,2690.8,1227.7,16469.4,2621.9,144662,144484,1679.7,455.4,8376.1,4390.4
2016-09-01,2007.0,342.5,2730.5,1246.0,16551.0,2627.4,144967,145149,1698.7,454.8,8413.3,4402.5
2016-10-01,2005.8,328.1,2754.7,1246.1,16692.9,2624.6,145066,146031,1706.0,455.3,8472.7,4422.5
2016-11-01,2013.6,318.0,2778.4,1248.5,16785.6,2631.1,145183,146465,1713.8,458.3,8572.8,4457.3
2016-12-01,2016.1,316.0,2782.5,1248.3,16792.7,2645.3,145408,146252,1713.8,458.4,8601.0,4460.5
2017-01-01,1984.5,310.5,2731.3,1225.3,16462.1,2590.8,145628,143374,1670.7,446.1,8492.9,4372.9
2017-02-01,1999.0,317.2,2758.9,1236.5,16581.8,2612.4,145848,144405,1671.7,446.4,8555.7,4398.9
2017-03-01,2010.6,318.2,2769.4,1244.1,16670.7,2630.9,145969,145061,1677.3,449.8,8595.8,4425.5
2017-04-01,2016.7,321.9,2782.3,1252.1,16728.3,2641.7,146174,146085,1692.8,454.0,8598.8,4442.4
2017-05-01,2023.0,335.3,2769.1,1255.5,16822.9,2647.1,146380,146924,1708.0,457.2,8599.8,4456.4
2017-06-01,2028.0,349.7,2727.0,1249.7,16872.8,2678.3,146583,147565,1717.5,461.9,8498.3,4463.7
2017-07-01,2011.3,353.6,2703.8,1233.1,16721.2,2671.7,146772,146464,1690.0,460.8,8461.6,4435.6
2017-08-01,2019.7,351.2,2758.5,1242.5,16802.8,2679.2,146919,146781,1684.4,458.4,8555.6,4475.7
2017-09-01,2024.6,340.5,2794.6,1260.5,16888.5,2680.8,147007,147169,1702.1,459.1,8396.4,4463.3
2017-10-01,2030.7,325.2,2823.2,1263.2,17041.2,2686.4,147150,148182,1707.7,458.0,8643.0,4507.6
2017-11-01,2039.6,314.7,2852.1,1267.8,17150.6,2692.7,147373,148758,1718.2,462.0,8752.7,4537.9
2017-12-01,2038.8,312.1,2857.1,1267.1,17175.9,2711.7,147523,148509,1718.3,462.1,8781.5,4535.3
2018-01-01,2003.7,308.0,2807.7,1244.1,16867.3,2661.2,147660,145413,1668.7,448.5,8661.8,4450.7
2018-02-01,2020.1,314.7,2839.4,1254.5,16995.4,2679.7,148054,146648,1674.9,450.9,8742.0,4483.4
2018-03-01,2031.1,316.3,2850.5,1261.5,17046.9,2696.4,148280,147353,1677.8,454.4,8783.7,4510.8
2018-04-01,2042.0,319.5,2853.3,1267.7,17086.0,2710.9,148422,148329,1690.5,459.7,8786.5,4522.3
2018-05-01,2046.0,332.8,2845.2,1273.1,17145.8,2716.8,148740,149264,1708.4,465.8,8780.3,4541.4
2018-06-01,2055.6,347.3,2797.8,1263.9,17200.8,2749.8,148959,149930,1720.4,467.9,8683.2,4544.4
2018-07-01,2041.3,351.4,2783.3,1251.5,17039.3,2743.8,149020,148767,1693.7,466.4,8652.8,4525.6
2018-08-01,2049.4,349.3,2846.5,1261.1,17147.1,2752.8,149279,149236,1689.2,463.6,8776.1,4568.3
2018-09-01,2052.0,338.5,2876.4,1277.7,17197.5,2736.3,149358,149546,1705.8,462.4,8786.2,4566.1
2018-10-01,2062.4,326.1,2906.7,1282.0,17370.1,2748.6,149526,150554,1714.4,465.1,8867.5,4589.8
2018-11-01,2076.4,315.8,2941.6,1286.7,17472.8,2760.3,149617,151032,1724.4,466.9,8971.7,4623.6
2018-12-01,2075.4,313.2,2943.6,1285.9,17488.2,2771.1,149809,150831,1725.9,467.2,8982.7,4618.9
2019-01-01,2043.2,309.5,2899.7,1267.0,17142.6,2723.5,150059,147879,1669.1,454.9,8870.2,4559.2
2019-02-01,2056.4,316.4,2922.6,1275.0,17250.0,2743.6,150065,148684,1673.5,456.3,8948.2,4586.4
2019-03-01,2063.8,317.9,2929.5,1278.9,17308.3,2749.5,150295,149360,1676.7,461.5,8973.1,4603.6
2019-04-01,2076.5,322.4,2938.3,1285.5,17341.9,2768.3,150593,150422,1693.2,465.4,8978.3,4610.7
2019-05-01,2081.6,334.6,2928.8,1287.4,17404.5,2783.4,150621,151096,1705.4,468.8,8964.4,4627.3
2019-06-01,2085.2,349.4,2879.1,1276.7,17447.0,2809.8,150839,151713,1710.1,471.8,8856.1,4626.1
2019-07-01,2074.1,355.4,2863.8,1262.6,17313.6,2811.8,150936,150658,1690.7,472.4,8834.5,4603.1
2019-08-01,2081.0,352.2,2940.5,1271.1,17409.8,2821.8,151171,151094,1682.1,470.6,8951.3,4647.6
2019-09-01,2079.4,343.3,2958.6,1285.9,17435.0,2803.6,151365,151509,1701.7,467.7,8938.9,4641.0
2019-10-01,2086.6,327.7,2991.0,1294.9,17609.9,2813.0,151460,152501,1711.7,468.8,9048.4,4669.5
2019-11-01,2102.2,317.2,3026.6,1301.4,17759.3,2822.0,151668,153094,1722.7,472.2,9155.5,4704.7
2019-12-01,2100.4,314.5,3034.3,1301.3,17737.0,2830.5,151795,152846,1715.9,470.9,9172.4,4708.9
2020-01-01,2066.0,310.9,2985.3,1284.1,17481.7,2786.6,152031,150057,1676.7,458.0,9055.6,4640.6
2020-02-01,2077.2,317.3,3007.6,1289.9,17603.4,2797.5,152292,150966,1675.7,459.3,9119.9,4660.4
2020-03-01,2073.7,316.9,2987.8,1290.1,17439.0,2788.5,150895,149952,1664.5,459.6,9057.8,4643.2
2020-04-01,1844.7,278.1,2667.7,1173.8,14921.0,2438.6,130424,130252,1402.4,399.9,7845.0,4063.4
2020-05-01,1895.6,288.5,2736.8,1204.5,15128.4,2515.4,133040,133421,1448.6,409.5,8053.3,4198.1
2020-06-01,1947.5,301.4,2754.0,1221.8,15635.0,2587.1,137671,138507,1511.0,432.3,8236.2,4304.6
2020-07-01,1959.2,307.0,2722.6,1213.3,15572.0,2611.6,139255,139105,1524.2,440.0,8260.1,4309.3
2020-08-01,1981.9,308.4,2802.0,1234.9,15704.5,2638.4,140819,140728,1544.2,442.5,8365.1,4381.2
2020-09-01,1992.1,306.4,2833.8,1251.0,15868.1,2646.0,141770,141957,1582.3,444.6,8416.5,4394.0
2020-10-01,2021.3,303.2,2892.7,1265.3,16241.7,2678.7,142461,143565,1604.4,448.2,8591.7,4466.5
2020-11-01,2032.9,296.7,2928.2,1272.7,16385.3,2678.7,142731,144117,1609.8,449.6,8688.8,4507.6
2020-12-01,2040.3,294.2,2935.1,1267.7,16263.4,2665.5,142548,143604,1604.0,448.3,8734.7,4531.8
2021-01-01,2003.1,291.6,2890.6,1257.2,15838.0,2637.5,142913,140975,1561.4,435.3,8655.2,4461.9
2021-02-01,2017.4,296.7,2918.1,1257.6,16146.5,2671.8,143422,142129,1566.2,436.8,8743.3,4493.3
2021-03-01,2025.1,299.2,2930.5,1273.5,16289.9,2690.2,144246,143308,1578.6,442.3,8792.0,4515.9
2021-04-01,2031.6,304.1,2942.8,1280.3,16498.2,2713.8,144611,144403,1593.9,449.0,8810.9,4525.2
2021-05-01,2039.5,310.5,2943.7,1283.3,16645.1,2729.7,145032,145391,1614.8,452.3,8841.3,4556.3
2021-06-01,2049.2,321.7,2912.8,1277.3,16700.2,2768.1,145828,146627,1625.5,455.6,8784.0,4572.4
2021-07-01,2050.7,331.4,2920.3,1264.3,16769.6,2779.8,146759,146619,1621.6,460.4,8856.8,4603.0
2021-08-01,2050.5,328.6,2973.4,1275.1,16907.8,2782.4,147246,147159,1613.7,457.1,8942.1,4624.2
2021-09-01,2055.8,321.2,3002.7,1287.7,16926.9,2775.2,147712,147918,1631.1,455.2,8984.3,4623.8
2021-10-01,2077.9,310.8,3047.8,1307.1,17325.8,2807.6,148569,149606,1654.9,460.5,9167.1,4704.8
2021-11-01,2093.3,304.5,3076.5,1311.9,17473.8,2819.2,149206,150543,1666.4,463.8,9274.1,4745.0
2021-12-01,2098.1,303.3,3089.4,1312.8,17507.8,2835.9,149781,150740,1667.3,465.4,9300.5,4751.8
2022-01-01,2061.8,299.5,3042.6,1295.2,17184.0,2788.8,150006,147932,1619.4,452.6,9193.1,4680.7
2022-02-01,2084.9,305.6,3082.8,1310.1,17426.0,2817.0,150875,149606,1636.3,458.0,9310.3,4735.1
2022-03-01,2086.1,308.1,3082.7,1314.2,17502.0,2827.7,151346,150413,1646.4,461.3,9327.8,4747.5
2022-04-01,2102.1,312.7,3113.3,1325.2,17620.5,2864.6,151651,151434,1663.1,470.0,9411.5,4784.9
2022-05-01,2106.7,323.2,3107.2,1330.6,17683.3,2868.4,151892,152264,1676.5,472.4,9411.2,4800.1
2022-06-01,2111.7,334.2,3054.5,1323.5,17706.5,2885.4,152353,153176,1682.5,474.4,9313.0,4798.2
2022-07-01,2115.0,342.0,3057.3,1314.8,17629.5,2885.3,153049,152813,1670.2,477.4,9360.9,4809.4
2022-08-01,2117.3,338.9,3111.0,1325.7,17712.9,2893.1,153286,153209,1663.2,475.9,9468.3,4832.6
2022-09-01,2129.8,329.3,3137.3,1343.6,17754.1,2880.9,153513,153730,1679.4,476.1,9509.8,4841.7
2022-10-01,2136.0,316.2,3170.3,1348.3,17890.4,2898.5,153913,154936,1687.5,478.5,9591.4,4876.3
2022-11-01,2147.2,309.9,3201.2,1352.5,17982.9,2907.0,154210,155519,1697.7,480.4,9667.7,4909.5
2022-12-01,2151.8,308.7,3192.9,1350.6,17958.1,2919.3,154336,155210,1695.5,480.5,9694.7,4907.8
2023-01-01,2128.2,306.9,3153.2,1335.1,17582.0,2874.6,154780,152689,1663.7,470.7,9618.9,4847.4
2023-02-01,2144.1,313.9,3181.3,1341.7,17695.8,2891.3,155086,153818,1665.3,474.1,9693.0,4875.8
2023-03-01,2148.3,315.4,3181.9,1348.3,17707.9,2902.5,155171,154253,1671.4,477.6,9720.2,4884.4
2023-04-01,2154.1,319.8,3200.5,1352.9,17776.2,2925.6,155387,155155,1678.9,481.2,9753.6,4886.8
2023-05-01,2159.2,329.8,3190.2,1357.4,17875.0,2934.8,155614,156038,1702.1,486.4,9747.5,4897.7
2023-06-01,2170.9,346.5,3142.3,1349.6,17871.3,2972.3,155871,156701,1717.7,488.2,9663.8,4903.7
2023-07-01,2159.2,350.9,3124.1,1331.5,17686.5,2963.6,156019,155779,1694.1,489.5,9635.5,4869.6
2023-08-01,2164.8,348.9,3176.5,1340.7,17751.1,2967.2,156176,156107,1686.8,486.8,9717.7,4901.2
2023-09-01,2172.6,341.0,3208.3,1358.8,17805.2,2957.7,156334,156563,1703.1,486.8,9745.7,4908.8
2023-10-01,2180.3,328.7,3233.6,1363.8,17995.2,2966.2,156520,157531,1718.1,487.9,9847.2,4937.1
2023-11-01,2194.7,320.8,3272.1,1361.5,18063.7,2966.0,156661,157950,1721.2,487.4,9944.8,4975.6
2023-12-01,2194.4,320.6,3273.3,1363.5,18090.6,2982.3,156930,157828,1708.4,487.7,9970.5,4968.5
2024-01-01,2161.8,318.3,3230.9,1347.1,17788.5,2929.2,157049,154942,1674.9,476.3,9859.4,4906.1
2024-02-01,2181.9,325.5,3249.6,1352.8,17869.1,2957.0,157271,156007,1683.4,479.5,9920.0,4916.6
2024-03-01,2188.5,327.8,3252.2,1363.1,17929.2,2966.3,157517,156612,1688.6,482.2,9930.3,4941.6
2024-04-01,2202.8,331.2,3264.4,1375.8,17982.5,2970.5,157635,157438,1696.4,488.0,9965.4,4958.9
2024-05-01,2207.0,341.1,3254.8,1376.4,18063.3,2986.1,157828,158256,1719.4,492.8,9945.9,4963.5
2024-06-01,2220.1,352.6,3207.8,1377.9,18102.0,3012.1,157915,158722,1730.0,495.6,9869.8,4978.4
2024-07-01,2213.6,360.2,3199.0,1361.1,17988.0,3006.2,158003,157771,1711.5,496.0,9861.2,4959.3
2024-08-01,2208.0,356.8,3244.9,1365.4,18031.2,3005.0,158074,158070,1701.2,491.9,9928.0,4980.1
2024-09-01,2213.1,348.7,3274.2,1375.6,18064.7,3009.6,158314,158527,1715.6,491.3,9956.1,4981.4
2024-10-01,2222.5,335.8,3300.3,1384.6,18224.6,3023.4,158358,159352,1725.5,489.3,9974.4,5002.9
2024-11-01,2232.4,329.0,3330.5,1385.6,18276.3,3016.6,158619,159882,1732.1,491.8,10091.9,5019.4
2024-12-01,2234.3,327.7,3330.2,1386.7,18276.4,3029.0,158942,159923,1730.7,489.9,10119.6,5027.7
2025-01-01,,,,,,,159067,157092,,,,
2025-02-01,,,,,,,159218,157983,,,,
